URI,Label,Scope Note
http://collection.britishmuseum.org/id/thesauri/currency/AE/1,AE/1,
http://collection.britishmuseum.org/id/thesauri/currency/AE/2,AE/2,
http://collection.britishmuseum.org/id/thesauri/currency/AE/3,AE/3,
http://collection.britishmuseum.org/id/thesauri/currency/At,At,
http://collection.britishmuseum.org/id/thesauri/currency/Leicester-real,Leicester real,
http://collection.britishmuseum.org/id/thesauri/currency/Leicester-rijksdaalder,Leicester rijksdaalder,
http://collection.britishmuseum.org/id/thesauri/currency/Nomos,Nomos,
http://collection.britishmuseum.org/id/thesauri/currency/abbasi,abbasi,
http://collection.britishmuseum.org/id/thesauri/currency/ackey,ackey,
http://collection.britishmuseum.org/id/thesauri/currency/adhani,adhani,
http://collection.britishmuseum.org/id/thesauri/currency/adopengo,adopengo,
http://collection.britishmuseum.org/id/thesauri/currency/aeger,aeger,
http://collection.britishmuseum.org/id/thesauri/currency/aes-grave,aes grave,
http://collection.britishmuseum.org/id/thesauri/currency/aes-rude,aes rude,
http://collection.britishmuseum.org/id/thesauri/currency/aes-signatum,aes signatum,
http://collection.britishmuseum.org/id/thesauri/currency/afghanis,afghanis,
http://collection.britishmuseum.org/id/thesauri/currency/agorot,agorot,
http://collection.britishmuseum.org/id/thesauri/currency/akche,akche,
http://collection.britishmuseum.org/id/thesauri/currency/albertin,albertin,
http://collection.britishmuseum.org/id/thesauri/currency/albertsdaler,albertsdaler,
http://collection.britishmuseum.org/id/thesauri/currency/albus,albus,
http://collection.britishmuseum.org/id/thesauri/currency/andel,andel,
http://collection.britishmuseum.org/id/thesauri/currency/angel,angel,
http://collection.britishmuseum.org/id/thesauri/currency/angelot,angelot,
http://collection.britishmuseum.org/id/thesauri/currency/angolares,angolares,
http://collection.britishmuseum.org/id/thesauri/currency/angster,angster,
http://collection.britishmuseum.org/id/thesauri/currency/anna,anna,
http://collection.britishmuseum.org/id/thesauri/currency/argenteus,argenteus,
http://collection.britishmuseum.org/id/thesauri/currency/ariary,ariary,
http://collection.britishmuseum.org/id/thesauri/currency/arkat-rupee,arkat rupee,
http://collection.britishmuseum.org/id/thesauri/currency/as,as,
http://collection.britishmuseum.org/id/thesauri/currency/ashrafi,ashrafi,
http://collection.britishmuseum.org/id/thesauri/currency/asper,asper,
http://collection.britishmuseum.org/id/thesauri/currency/assis,assis,
http://collection.britishmuseum.org/id/thesauri/currency/att,att,
http://collection.britishmuseum.org/id/thesauri/currency/aureus,aureus,
http://collection.britishmuseum.org/id/thesauri/currency/austral,austral,
http://collection.britishmuseum.org/id/thesauri/currency/avos,avos,
http://collection.britishmuseum.org/id/thesauri/currency/b-illi-pengo,b(illi¢) pengo,
http://collection.britishmuseum.org/id/thesauri/currency/bahar-azadi,bahar azadi,
http://collection.britishmuseum.org/id/thesauri/currency/baht,baht,
http://collection.britishmuseum.org/id/thesauri/currency/baisa,baisa,
http://collection.britishmuseum.org/id/thesauri/currency/balance,balance,
http://collection.britishmuseum.org/id/thesauri/currency/balboa,balboa,
http://collection.britishmuseum.org/id/thesauri/currency/ban,ban,
http://collection.britishmuseum.org/id/thesauri/currency/barile,barile,
http://collection.britishmuseum.org/id/thesauri/currency/batzen,batzen,
http://collection.britishmuseum.org/id/thesauri/currency/bauerngroschen,bauerngroschen,
http://collection.britishmuseum.org/id/thesauri/currency/bausche,bausche,
http://collection.britishmuseum.org/id/thesauri/currency/bawbee,bawbee,
http://collection.britishmuseum.org/id/thesauri/currency/bazaruco,bazaruco,
http://collection.britishmuseum.org/id/thesauri/currency/belga,belga,
http://collection.britishmuseum.org/id/thesauri/currency/bes,bes,
http://collection.britishmuseum.org/id/thesauri/currency/bezemstuiver,bezemstuiver,
http://collection.britishmuseum.org/id/thesauri/currency/biche,biche,
http://collection.britishmuseum.org/id/thesauri/currency/biobol,biobol,
http://collection.britishmuseum.org/id/thesauri/currency/birr,birr,
http://collection.britishmuseum.org/id/thesauri/currency/bit,bit,
http://collection.britishmuseum.org/id/thesauri/currency/biunx,biunx,
http://collection.britishmuseum.org/id/thesauri/currency/black-dogg,black dogg,
http://collection.britishmuseum.org/id/thesauri/currency/blaffert,blaffert,
http://collection.britishmuseum.org/id/thesauri/currency/blamuser,blamuser,
http://collection.britishmuseum.org/id/thesauri/currency/blanken,blanken,
http://collection.britishmuseum.org/id/thesauri/currency/bluzger,bluzger,
http://collection.britishmuseum.org/id/thesauri/currency/bodle,bodle,
http://collection.britishmuseum.org/id/thesauri/currency/boehmisch,boehmisch,
http://collection.britishmuseum.org/id/thesauri/currency/bolivano,bolivano,
http://collection.britishmuseum.org/id/thesauri/currency/bolivar,bolivar,
http://collection.britishmuseum.org/id/thesauri/currency/boliviano,boliviano,
http://collection.britishmuseum.org/id/thesauri/currency/bonnet-piece,bonnet piece,
http://collection.britishmuseum.org/id/thesauri/currency/botdrager,botdrager,
http://collection.britishmuseum.org/id/thesauri/currency/breddalere,breddalere,
http://collection.britishmuseum.org/id/thesauri/currency/briquet,briquet,
http://collection.britishmuseum.org/id/thesauri/currency/britain-crown,britain crown,
http://collection.britishmuseum.org/id/thesauri/currency/broad,broad,
http://collection.britishmuseum.org/id/thesauri/currency/brule,brule,
http://collection.britishmuseum.org/id/thesauri/currency/bu,bu,
http://collection.britishmuseum.org/id/thesauri/currency/buck,buck,
http://collection.britishmuseum.org/id/thesauri/currency/butken,butken,
http://collection.britishmuseum.org/id/thesauri/currency/butut,butut,
http://collection.britishmuseum.org/id/thesauri/currency/candareen,candareen,
http://collection.britishmuseum.org/id/thesauri/currency/carlijn,carlijn,
http://collection.britishmuseum.org/id/thesauri/currency/carlin,carlin,
http://collection.britishmuseum.org/id/thesauri/currency/carlino,carlino,
http://collection.britishmuseum.org/id/thesauri/currency/carolin,carolin,
http://collection.britishmuseum.org/id/thesauri/currency/carolus,carolus,
http://collection.britishmuseum.org/id/thesauri/currency/carolus-florin,carolus florin,
http://collection.britishmuseum.org/id/thesauri/currency/cash,cash,
http://collection.britishmuseum.org/id/thesauri/currency/cedi,cedi,
http://collection.britishmuseum.org/id/thesauri/currency/cent,cent,
http://collection.britishmuseum.org/id/thesauri/currency/centaro,centaro,
http://collection.britishmuseum.org/id/thesauri/currency/centas,centas,
http://collection.britishmuseum.org/id/thesauri/currency/centavo,centavo,
http://collection.britishmuseum.org/id/thesauri/currency/centesimo,centesimo,
http://collection.britishmuseum.org/id/thesauri/currency/centim,centim,
http://collection.britishmuseum.org/id/thesauri/currency/centime,centime,
http://collection.britishmuseum.org/id/thesauri/currency/centimo,centimo,
http://collection.britishmuseum.org/id/thesauri/currency/centum,centum,
http://collection.britishmuseum.org/id/thesauri/currency/chaise,chaise,
http://collection.britishmuseum.org/id/thesauri/currency/chakram,chakram,
http://collection.britishmuseum.org/id/thesauri/currency/chalkous,chalkous,
http://collection.britishmuseum.org/id/thesauri/currency/chervonets,chervonets,
http://collection.britishmuseum.org/id/thesauri/currency/chhertum,chhertum,
http://collection.britishmuseum.org/id/thesauri/currency/chiemgauer,chiemgauer,
http://collection.britishmuseum.org/id/thesauri/currency/chon,chon,
http://collection.britishmuseum.org/id/thesauri/currency/christian,christian,
http://collection.britishmuseum.org/id/thesauri/currency/chuan,chuan,
http://collection.britishmuseum.org/id/thesauri/currency/cistophorus,cistophorus,
http://collection.britishmuseum.org/id/thesauri/currency/colon,colon,
http://collection.britishmuseum.org/id/thesauri/currency/condor,condor,
http://collection.britishmuseum.org/id/thesauri/currency/contorniate,contorniate,
http://collection.britishmuseum.org/id/thesauri/currency/coolo,coolo,
http://collection.britishmuseum.org/id/thesauri/currency/cordoba,cordoba,
http://collection.britishmuseum.org/id/thesauri/currency/corona,corona,
http://collection.britishmuseum.org/id/thesauri/currency/couronne,couronne,
http://collection.britishmuseum.org/id/thesauri/currency/courte,courte,
http://collection.britishmuseum.org/id/thesauri/currency/courte/korte,courte/korte,
http://collection.britishmuseum.org/id/thesauri/currency/crown,crown,
http://collection.britishmuseum.org/id/thesauri/currency/cruzado,cruzado,
http://collection.britishmuseum.org/id/thesauri/currency/cruzado-novo,cruzado novo,
http://collection.britishmuseum.org/id/thesauri/currency/cruzeiro,cruzeiro,
http://collection.britishmuseum.org/id/thesauri/currency/cruzeiro-reais,cruzeiro reais,
http://collection.britishmuseum.org/id/thesauri/currency/cupon,cupon,
http://collection.britishmuseum.org/id/thesauri/currency/custom-gold-unit,custom gold unit,
http://collection.britishmuseum.org/id/thesauri/currency/cym,cym,
http://collection.britishmuseum.org/id/thesauri/currency/daalder,daalder,
http://collection.britishmuseum.org/id/thesauri/currency/dalasi,dalasi,
http://collection.britishmuseum.org/id/thesauri/currency/daler,daler,
http://collection.britishmuseum.org/id/thesauri/currency/dam,dam,
http://collection.britishmuseum.org/id/thesauri/currency/daric,daric,
http://collection.britishmuseum.org/id/thesauri/currency/decade,decade,
http://collection.britishmuseum.org/id/thesauri/currency/decadrachm,decadrachm,
http://collection.britishmuseum.org/id/thesauri/currency/decime,decime,
http://collection.britishmuseum.org/id/thesauri/currency/decimo,decimo,
http://collection.britishmuseum.org/id/thesauri/currency/decussis,decussis,
http://collection.britishmuseum.org/id/thesauri/currency/dem,dem,
http://collection.britishmuseum.org/id/thesauri/currency/demy,demy,
http://collection.britishmuseum.org/id/thesauri/currency/denar,denar,
http://collection.britishmuseum.org/id/thesauri/currency/denarius,denarius,
http://collection.britishmuseum.org/id/thesauri/currency/denarius-serratus,denarius serratus,
http://collection.britishmuseum.org/id/thesauri/currency/denaro,denaro,
http://collection.britishmuseum.org/id/thesauri/currency/denier,denier,
http://collection.britishmuseum.org/id/thesauri/currency/deut,deut,
http://collection.britishmuseum.org/id/thesauri/currency/dextans,dextans,
http://collection.britishmuseum.org/id/thesauri/currency/diao,diao,
http://collection.britishmuseum.org/id/thesauri/currency/dichalka,dichalka,
http://collection.britishmuseum.org/id/thesauri/currency/dichalkous,dichalkous,
http://collection.britishmuseum.org/id/thesauri/currency/dicken,dicken,
http://collection.britishmuseum.org/id/thesauri/currency/didrachm,didrachm,
http://collection.britishmuseum.org/id/thesauri/currency/dime,dime,
http://collection.britishmuseum.org/id/thesauri/currency/dinar,dinar,
http://collection.britishmuseum.org/id/thesauri/currency/dinero,dinero,
http://collection.britishmuseum.org/id/thesauri/currency/diobol,diobol,
http://collection.britishmuseum.org/id/thesauri/currency/dirham,dirham,
http://collection.britishmuseum.org/id/thesauri/currency/dirhem,dirhem,
http://collection.britishmuseum.org/id/thesauri/currency/dobla,dobla,
http://collection.britishmuseum.org/id/thesauri/currency/dobra,dobra,
http://collection.britishmuseum.org/id/thesauri/currency/dodrans,dodrans,
http://collection.britishmuseum.org/id/thesauri/currency/doit,doit,
http://collection.britishmuseum.org/id/thesauri/currency/dollar,dollar,
http://collection.britishmuseum.org/id/thesauri/currency/dong,dong,
http://collection.britishmuseum.org/id/thesauri/currency/doppelassis,doppelassis,
http://collection.britishmuseum.org/id/thesauri/currency/doppelsterling,doppelsterling,
http://collection.britishmuseum.org/id/thesauri/currency/doppia,doppia,
http://collection.britishmuseum.org/id/thesauri/currency/double,double,
http://collection.britishmuseum.org/id/thesauri/currency/double-crown,double crown,
http://collection.britishmuseum.org/id/thesauri/currency/double-daric,double daric,
http://collection.britishmuseum.org/id/thesauri/currency/double-dinar,double dinar,
http://collection.britishmuseum.org/id/thesauri/currency/double-duit,double duit,
http://collection.britishmuseum.org/id/thesauri/currency/double-litra,double litra,
http://collection.britishmuseum.org/id/thesauri/currency/doubloon,doubloon,
http://collection.britishmuseum.org/id/thesauri/currency/doudou,doudou,
http://collection.britishmuseum.org/id/thesauri/currency/drachm,drachm,
http://collection.britishmuseum.org/id/thesauri/currency/drachma,drachma,
http://collection.britishmuseum.org/id/thesauri/currency/dram,dram,
http://collection.britishmuseum.org/id/thesauri/currency/dreier,dreier,
http://collection.britishmuseum.org/id/thesauri/currency/dreiling,dreiling,
http://collection.britishmuseum.org/id/thesauri/currency/drielander,drielander,
http://collection.britishmuseum.org/id/thesauri/currency/dub,dub,
http://collection.britishmuseum.org/id/thesauri/currency/ducat,ducat,
http://collection.britishmuseum.org/id/thesauri/currency/ducaton,ducaton,
http://collection.britishmuseum.org/id/thesauri/currency/ducatone,ducatone,
http://collection.britishmuseum.org/id/thesauri/currency/dud,dud,
http://collection.britishmuseum.org/id/thesauri/currency/duetto,duetto,
http://collection.britishmuseum.org/id/thesauri/currency/duit,duit,
http://collection.britishmuseum.org/id/thesauri/currency/dukat,dukat,
http://collection.britishmuseum.org/id/thesauri/currency/dukat-kurant,dukat kurant,
http://collection.britishmuseum.org/id/thesauri/currency/duplone,duplone,
http://collection.britishmuseum.org/id/thesauri/currency/dupondius,dupondius,
http://collection.britishmuseum.org/id/thesauri/currency/dupondius-or-as,dupondius or as,
http://collection.britishmuseum.org/id/thesauri/currency/eagle,eagle,
http://collection.britishmuseum.org/id/thesauri/currency/ealus,ealus,
http://collection.britishmuseum.org/id/thesauri/currency/ecu,ecu,
http://collection.britishmuseum.org/id/thesauri/currency/ecu-au-soleil,ecu au soleil,
http://collection.britishmuseum.org/id/thesauri/currency/ecu-philippus,ecu philippus,
http://collection.britishmuseum.org/id/thesauri/currency/ekuele,ekuele,
http://collection.britishmuseum.org/id/thesauri/currency/emlangeni,emlangeni,
http://collection.britishmuseum.org/id/thesauri/currency/emlani,emlani,
http://collection.britishmuseum.org/id/thesauri/currency/englisch,englisch,
http://collection.britishmuseum.org/id/thesauri/currency/ernest,ernest,
http://collection.britishmuseum.org/id/thesauri/currency/escalin,escalin,
http://collection.britishmuseum.org/id/thesauri/currency/escudo,escudo,
http://collection.britishmuseum.org/id/thesauri/currency/escudo-ouro,escudo ouro,
http://collection.britishmuseum.org/id/thesauri/currency/esterlin,esterlin,
http://collection.britishmuseum.org/id/thesauri/currency/euro,euro,
http://collection.britishmuseum.org/id/thesauri/currency/eurolega,eurolega,
http://collection.britishmuseum.org/id/thesauri/currency/excelente,excelente,
http://collection.britishmuseum.org/id/thesauri/currency/eyrir,eyrir,
http://collection.britishmuseum.org/id/thesauri/currency/fals,fals,
http://collection.britishmuseum.org/id/thesauri/currency/falus,falus,
http://collection.britishmuseum.org/id/thesauri/currency/fanam,fanam,
http://collection.britishmuseum.org/id/thesauri/currency/fano,fano,
http://collection.britishmuseum.org/id/thesauri/currency/fanon,fanon,
http://collection.britishmuseum.org/id/thesauri/currency/farthing,farthing,
http://collection.britishmuseum.org/id/thesauri/currency/fen,fen,
http://collection.britishmuseum.org/id/thesauri/currency/fenigow,fenigow,
http://collection.britishmuseum.org/id/thesauri/currency/feninga,feninga,
http://collection.britishmuseum.org/id/thesauri/currency/filler,filler,
http://collection.britishmuseum.org/id/thesauri/currency/fils,fils,
http://collection.britishmuseum.org/id/thesauri/currency/fiorino,fiorino,
http://collection.britishmuseum.org/id/thesauri/currency/fleece,fleece,
http://collection.britishmuseum.org/id/thesauri/currency/florin,florin,
http://collection.britishmuseum.org/id/thesauri/currency/follis,follis,
http://collection.britishmuseum.org/id/thesauri/currency/forint,forint,
http://collection.britishmuseum.org/id/thesauri/currency/franc,franc,
http://collection.britishmuseum.org/id/thesauri/currency/franc-a-cheval,franc-a-cheval,
http://collection.britishmuseum.org/id/thesauri/currency/franc-a-pied,franc-a-pied,
http://collection.britishmuseum.org/id/thesauri/currency/franchi,franchi,
http://collection.britishmuseum.org/id/thesauri/currency/franco,franco,
http://collection.britishmuseum.org/id/thesauri/currency/franga-ar,franga ar,
http://collection.britishmuseum.org/id/thesauri/currency/frank,frank,
http://collection.britishmuseum.org/id/thesauri/currency/franken,franken,
http://collection.britishmuseum.org/id/thesauri/currency/frederick,frederick,
http://collection.britishmuseum.org/id/thesauri/currency/friedman,friedman,
http://collection.britishmuseum.org/id/thesauri/currency/fuang,fuang,
http://collection.britishmuseum.org/id/thesauri/currency/fulus,fulus,
http://collection.britishmuseum.org/id/thesauri/currency/fun,fun,
http://collection.britishmuseum.org/id/thesauri/currency/funfer,funfer,
http://collection.britishmuseum.org/id/thesauri/currency/gadhaiya-paisa,gadhaiya paisa,
http://collection.britishmuseum.org/id/thesauri/currency/george-noble,george noble,
http://collection.britishmuseum.org/id/thesauri/currency/gersh,gersh,
http://collection.britishmuseum.org/id/thesauri/currency/gigot,gigot,
http://collection.britishmuseum.org/id/thesauri/currency/gold-mark,gold mark,
http://collection.britishmuseum.org/id/thesauri/currency/golde,golde,
http://collection.britishmuseum.org/id/thesauri/currency/goldgulden,goldgulden,
http://collection.britishmuseum.org/id/thesauri/currency/gosseler,gosseler,
http://collection.britishmuseum.org/id/thesauri/currency/gouden-nobel,gouden nobel,
http://collection.britishmuseum.org/id/thesauri/currency/gouden-reaal,gouden reaal,
http://collection.britishmuseum.org/id/thesauri/currency/gouden-schild,gouden schild,
http://collection.britishmuseum.org/id/thesauri/currency/goudgulden,goudgulden,
http://collection.britishmuseum.org/id/thesauri/currency/gourde,gourde,
http://collection.britishmuseum.org/id/thesauri/currency/grados,grados,
http://collection.britishmuseum.org/id/thesauri/currency/grand-brule,grand brule,
http://collection.britishmuseum.org/id/thesauri/currency/grand-double,grand double,
http://collection.britishmuseum.org/id/thesauri/currency/grand-rider,grand rider,
http://collection.britishmuseum.org/id/thesauri/currency/griffon,griffon,
http://collection.britishmuseum.org/id/thesauri/currency/griven,griven,
http://collection.britishmuseum.org/id/thesauri/currency/groat,groat,
http://collection.britishmuseum.org/id/thesauri/currency/groot,groot,
http://collection.britishmuseum.org/id/thesauri/currency/gros,gros,
http://collection.britishmuseum.org/id/thesauri/currency/gros-au-lion,gros au lion,
http://collection.britishmuseum.org/id/thesauri/currency/gros-petit,gros petit,
http://collection.britishmuseum.org/id/thesauri/currency/groschen,groschen,
http://collection.britishmuseum.org/id/thesauri/currency/grosso,grosso,
http://collection.britishmuseum.org/id/thesauri/currency/grosso-guelfo,grosso guelfo,
http://collection.britishmuseum.org/id/thesauri/currency/grossone,grossone,
http://collection.britishmuseum.org/id/thesauri/currency/grosspfennig,grosspfennig,
http://collection.britishmuseum.org/id/thesauri/currency/grossus,grossus,
http://collection.britishmuseum.org/id/thesauri/currency/grosz,grosz,
http://collection.britishmuseum.org/id/thesauri/currency/grote,grote,
http://collection.britishmuseum.org/id/thesauri/currency/groten,groten,
http://collection.britishmuseum.org/id/thesauri/currency/guan,guan,
http://collection.britishmuseum.org/id/thesauri/currency/guan-jin-yuan,guan jin yuan,
http://collection.britishmuseum.org/id/thesauri/currency/guarani,guarani,
http://collection.britishmuseum.org/id/thesauri/currency/guerche,guerche,
http://collection.britishmuseum.org/id/thesauri/currency/guilder,guilder,
http://collection.britishmuseum.org/id/thesauri/currency/guinea,guinea,
http://collection.britishmuseum.org/id/thesauri/currency/gulden,gulden,
http://collection.britishmuseum.org/id/thesauri/currency/guldengroschen,guldengroschen,
http://collection.britishmuseum.org/id/thesauri/currency/guldenthaler,guldenthaler,
http://collection.britishmuseum.org/id/thesauri/currency/guldiner,guldiner,
http://collection.britishmuseum.org/id/thesauri/currency/guyennois,guyennois,
http://collection.britishmuseum.org/id/thesauri/currency/halala,halala,
http://collection.britishmuseum.org/id/thesauri/currency/halbling,halbling,
http://collection.britishmuseum.org/id/thesauri/currency/haler,haler,
http://collection.britishmuseum.org/id/thesauri/currency/half-Bahar-Azadi,half Bahar Azadi,
http://collection.britishmuseum.org/id/thesauri/currency/half-stater,half stater,
http://collection.britishmuseum.org/id/thesauri/currency/half-unit,half unit,
http://collection.britishmuseum.org/id/thesauri/currency/halfcrown,halfcrown,
http://collection.britishmuseum.org/id/thesauri/currency/halfgroat,halfgroat,
http://collection.britishmuseum.org/id/thesauri/currency/halfpenny,halfpenny,
http://collection.britishmuseum.org/id/thesauri/currency/halier,halier,
http://collection.britishmuseum.org/id/thesauri/currency/haller,haller,
http://collection.britishmuseum.org/id/thesauri/currency/handheller,handheller,
http://collection.britishmuseum.org/id/thesauri/currency/hao,hao,
http://collection.britishmuseum.org/id/thesauri/currency/hardhead,hardhead,
http://collection.britishmuseum.org/id/thesauri/currency/hardi,hardi,
http://collection.britishmuseum.org/id/thesauri/currency/hat-piece,hat piece,
http://collection.britishmuseum.org/id/thesauri/currency/heaume,heaume,
http://collection.britishmuseum.org/id/thesauri/currency/heller,heller,
http://collection.britishmuseum.org/id/thesauri/currency/helm,helm,
http://collection.britishmuseum.org/id/thesauri/currency/helmgroschen,helmgroschen,
http://collection.britishmuseum.org/id/thesauri/currency/hemidrachm,hemidrachm,
http://collection.britishmuseum.org/id/thesauri/currency/hemiobol,hemiobol,
http://collection.britishmuseum.org/id/thesauri/currency/hemistater,hemistater,
http://collection.britishmuseum.org/id/thesauri/currency/hemitetartemoria,hemitetartemoria,
http://collection.britishmuseum.org/id/thesauri/currency/heptachalca,heptachalca,
http://collection.britishmuseum.org/id/thesauri/currency/hexagram,hexagram,
http://collection.britishmuseum.org/id/thesauri/currency/hohlblaffert,hohlblaffert,
http://collection.britishmuseum.org/id/thesauri/currency/hohlheller,hohlheller,
http://collection.britishmuseum.org/id/thesauri/currency/hohlpfennig,hohlpfennig,
http://collection.britishmuseum.org/id/thesauri/currency/hohlscherf,hohlscherf,
http://collection.britishmuseum.org/id/thesauri/currency/holey-dollar,holey dollar,
http://collection.britishmuseum.org/id/thesauri/currency/hong-kong-dollar,hong kong dollar,
http://collection.britishmuseum.org/id/thesauri/currency/horngroschen,horngroschen,
http://collection.britishmuseum.org/id/thesauri/currency/hornpfennig,hornpfennig,
http://collection.britishmuseum.org/id/thesauri/currency/hour,hour,
http://collection.britishmuseum.org/id/thesauri/currency/hrysus,hrysus,
http://collection.britishmuseum.org/id/thesauri/currency/hryvnia,hryvnia,
http://collection.britishmuseum.org/id/thesauri/currency/hvid,hvid,
http://collection.britishmuseum.org/id/thesauri/currency/hwan,hwan,
http://collection.britishmuseum.org/id/thesauri/currency/hyperpyron,hyperpyron,
http://collection.britishmuseum.org/id/thesauri/currency/inti,inti,
http://collection.britishmuseum.org/id/thesauri/currency/iohanna,iohanna,
http://collection.britishmuseum.org/id/thesauri/currency/jaeger,jaeger,
http://collection.britishmuseum.org/id/thesauri/currency/jau,jau,
http://collection.britishmuseum.org/id/thesauri/currency/jawa,jawa,
http://collection.britishmuseum.org/id/thesauri/currency/jeon,jeon,
http://collection.britishmuseum.org/id/thesauri/currency/jiao,jiao,
http://collection.britishmuseum.org/id/thesauri/currency/jin,jin,
http://collection.britishmuseum.org/id/thesauri/currency/joe,joe,
http://collection.britishmuseum.org/id/thesauri/currency/judenkopfgroschen,judenkopfgroschen,
http://collection.britishmuseum.org/id/thesauri/currency/kali-fanam,kali fanam,
http://collection.britishmuseum.org/id/thesauri/currency/kapeek,kapeek,
http://collection.britishmuseum.org/id/thesauri/currency/kapiekas,kapiekas,
http://collection.britishmuseum.org/id/thesauri/currency/karbovanets,karbovanets,
http://collection.britishmuseum.org/id/thesauri/currency/karbowanez,karbowanez,
http://collection.britishmuseum.org/id/thesauri/currency/karpov,karpov,
http://collection.britishmuseum.org/id/thesauri/currency/karshapana,karshapana,
http://collection.britishmuseum.org/id/thesauri/currency/kas,kas,
http://collection.britishmuseum.org/id/thesauri/currency/katterfinken,katterfinken,
http://collection.britishmuseum.org/id/thesauri/currency/keping,keping,
http://collection.britishmuseum.org/id/thesauri/currency/key,key,
http://collection.britishmuseum.org/id/thesauri/currency/kina,kina,
http://collection.britishmuseum.org/id/thesauri/currency/kip,kip,
http://collection.britishmuseum.org/id/thesauri/currency/klinkaert,klinkaert,
http://collection.britishmuseum.org/id/thesauri/currency/koban,koban,
http://collection.britishmuseum.org/id/thesauri/currency/kobo,kobo,
http://collection.britishmuseum.org/id/thesauri/currency/koertling,koertling,
http://collection.britishmuseum.org/id/thesauri/currency/kollybos,kollybos,
http://collection.britishmuseum.org/id/thesauri/currency/koneek,koneek,
http://collection.britishmuseum.org/id/thesauri/currency/konte,konte,
http://collection.britishmuseum.org/id/thesauri/currency/konventionsthaler,konventionsthaler,
http://collection.britishmuseum.org/id/thesauri/currency/kopek,kopek,
http://collection.britishmuseum.org/id/thesauri/currency/kopfchen,kopfchen,
http://collection.britishmuseum.org/id/thesauri/currency/kopiyka,kopiyka,
http://collection.britishmuseum.org/id/thesauri/currency/kopken,kopken,
http://collection.britishmuseum.org/id/thesauri/currency/korona,korona,
http://collection.britishmuseum.org/id/thesauri/currency/koronarol,koronarol,
http://collection.britishmuseum.org/id/thesauri/currency/korte,korte,
http://collection.britishmuseum.org/id/thesauri/currency/korun,korun,
http://collection.britishmuseum.org/id/thesauri/currency/koruna,koruna,
http://collection.britishmuseum.org/id/thesauri/currency/koti,koti,
http://collection.britishmuseum.org/id/thesauri/currency/koula,koula,
http://collection.britishmuseum.org/id/thesauri/currency/krajczar,krajczar,
http://collection.britishmuseum.org/id/thesauri/currency/kran,kran,
http://collection.britishmuseum.org/id/thesauri/currency/kreuzer,kreuzer,
http://collection.britishmuseum.org/id/thesauri/currency/kreuzgroschen,kreuzgroschen,
http://collection.britishmuseum.org/id/thesauri/currency/krona,krona,
http://collection.britishmuseum.org/id/thesauri/currency/krone,krone,
http://collection.britishmuseum.org/id/thesauri/currency/kroon,kroon,
http://collection.britishmuseum.org/id/thesauri/currency/krugerrand,krugerrand,
http://collection.britishmuseum.org/id/thesauri/currency/kumish,kumish,
http://collection.britishmuseum.org/id/thesauri/currency/kuna,kuna,
http://collection.britishmuseum.org/id/thesauri/currency/kupfurdente,kupfurdente,
http://collection.britishmuseum.org/id/thesauri/currency/kurush,kurush,
http://collection.britishmuseum.org/id/thesauri/currency/kwacha,kwacha,
http://collection.britishmuseum.org/id/thesauri/currency/kwanzas,kwanzas,
http://collection.britishmuseum.org/id/thesauri/currency/kwanzas-reajustados,kwanzas reajustados,
http://collection.britishmuseum.org/id/thesauri/currency/kyat,kyat,
http://collection.britishmuseum.org/id/thesauri/currency/kyrmis,kyrmis,
http://collection.britishmuseum.org/id/thesauri/currency/laari,laari,
http://collection.britishmuseum.org/id/thesauri/currency/lang,lang,
http://collection.britishmuseum.org/id/thesauri/currency/lari,lari,
http://collection.britishmuseum.org/id/thesauri/currency/larin,larin,
http://collection.britishmuseum.org/id/thesauri/currency/lats,lats,
http://collection.britishmuseum.org/id/thesauri/currency/laurel,laurel,
http://collection.britishmuseum.org/id/thesauri/currency/lega,lega,
http://collection.britishmuseum.org/id/thesauri/currency/lek,lek,
http://collection.britishmuseum.org/id/thesauri/currency/lempira,lempira,
http://collection.britishmuseum.org/id/thesauri/currency/leone,leone,
http://collection.britishmuseum.org/id/thesauri/currency/leopard,leopard,
http://collection.britishmuseum.org/id/thesauri/currency/lepton,lepton,
http://collection.britishmuseum.org/id/thesauri/currency/leu,leu,
http://collection.britishmuseum.org/id/thesauri/currency/lev,lev,
http://collection.britishmuseum.org/id/thesauri/currency/lev-srebro,lev srebro,
http://collection.britishmuseum.org/id/thesauri/currency/lev-zlato,lev zlato,
http://collection.britishmuseum.org/id/thesauri/currency/li,li,
http://collection.britishmuseum.org/id/thesauri/currency/liang,liang,
http://collection.britishmuseum.org/id/thesauri/currency/liard,liard,
http://collection.britishmuseum.org/id/thesauri/currency/libra,libra,
http://collection.britishmuseum.org/id/thesauri/currency/libra-esterlina,libra esterlina,
http://collection.britishmuseum.org/id/thesauri/currency/licente,licente,
http://collection.britishmuseum.org/id/thesauri/currency/licente/lisente,licente/lisente,
http://collection.britishmuseum.org/id/thesauri/currency/likuta,likuta,
http://collection.britishmuseum.org/id/thesauri/currency/lilangeni,lilangeni,
http://collection.britishmuseum.org/id/thesauri/currency/lion,lion,
http://collection.britishmuseum.org/id/thesauri/currency/lion-daalder,lion daalder,
http://collection.britishmuseum.org/id/thesauri/currency/lion-noble,lion noble,
http://collection.britishmuseum.org/id/thesauri/currency/lipa,lipa,
http://collection.britishmuseum.org/id/thesauri/currency/lira,lira,
http://collection.britishmuseum.org/id/thesauri/currency/lirah,lirah,
http://collection.britishmuseum.org/id/thesauri/currency/lisente,lisente,
http://collection.britishmuseum.org/id/thesauri/currency/lit,lit,
http://collection.britishmuseum.org/id/thesauri/currency/litas,litas,
http://collection.britishmuseum.org/id/thesauri/currency/litra,litra,
http://collection.britishmuseum.org/id/thesauri/currency/livre,livre,
http://collection.britishmuseum.org/id/thesauri/currency/livre-tournois,livre tournois,
http://collection.britishmuseum.org/id/thesauri/currency/loti,loti,
http://collection.britishmuseum.org/id/thesauri/currency/louis,louis,
http://collection.britishmuseum.org/id/thesauri/currency/lubischer,lubischer,
http://collection.britishmuseum.org/id/thesauri/currency/luma,luma,
http://collection.britishmuseum.org/id/thesauri/currency/ma-ah,ma'ah,
http://collection.britishmuseum.org/id/thesauri/currency/mace,mace,
http://collection.britishmuseum.org/id/thesauri/currency/mach,mach,
http://collection.britishmuseum.org/id/thesauri/currency/macuta,macuta,
http://collection.britishmuseum.org/id/thesauri/currency/mahaleki,mahaleki,
http://collection.britishmuseum.org/id/thesauri/currency/maille,maille,
http://collection.britishmuseum.org/id/thesauri/currency/makuta,makuta,
http://collection.britishmuseum.org/id/thesauri/currency/manat,manat,
http://collection.britishmuseum.org/id/thesauri/currency/mancus,mancus,
http://collection.britishmuseum.org/id/thesauri/currency/maraka,maraka,
http://collection.britishmuseum.org/id/thesauri/currency/maraka/marka,maraka/marka,
http://collection.britishmuseum.org/id/thesauri/currency/marck,marck,
http://collection.britishmuseum.org/id/thesauri/currency/marek,marek,
http://collection.britishmuseum.org/id/thesauri/currency/mariengroschen,mariengroschen,
http://collection.britishmuseum.org/id/thesauri/currency/mark,mark,
http://collection.britishmuseum.org/id/thesauri/currency/marka,marka,
http://collection.britishmuseum.org/id/thesauri/currency/markkaa,markkaa,
http://collection.britishmuseum.org/id/thesauri/currency/masha,masha,
http://collection.britishmuseum.org/id/thesauri/currency/matona,matona,
http://collection.britishmuseum.org/id/thesauri/currency/matthiasgroschen,matthiasgroschen,
http://collection.britishmuseum.org/id/thesauri/currency/mattier,mattier,
http://collection.britishmuseum.org/id/thesauri/currency/me,me,
http://collection.britishmuseum.org/id/thesauri/currency/melgarejo,melgarejo,
http://collection.britishmuseum.org/id/thesauri/currency/merk,merk,
http://collection.britishmuseum.org/id/thesauri/currency/metical,metical,
http://collection.britishmuseum.org/id/thesauri/currency/mil,mil,
http://collection.britishmuseum.org/id/thesauri/currency/mil-reis,mil reis,
http://collection.britishmuseum.org/id/thesauri/currency/miliarensis,miliarensis,
http://collection.britishmuseum.org/id/thesauri/currency/miliaresion,miliaresion,
http://collection.britishmuseum.org/id/thesauri/currency/mille,mille,
http://collection.britishmuseum.org/id/thesauri/currency/millieme,millieme,
http://collection.britishmuseum.org/id/thesauri/currency/milliemes,milliemes,
http://collection.britishmuseum.org/id/thesauri/currency/millim,millim,
http://collection.britishmuseum.org/id/thesauri/currency/mills,mills,
http://collection.britishmuseum.org/id/thesauri/currency/milpengo,milpengo,
http://collection.britishmuseum.org/id/thesauri/currency/minim,minim,
http://collection.britishmuseum.org/id/thesauri/currency/mite,mite,
http://collection.britishmuseum.org/id/thesauri/currency/moco,moco,
http://collection.britishmuseum.org/id/thesauri/currency/moeda,moeda,
http://collection.britishmuseum.org/id/thesauri/currency/mohar,mohar,
http://collection.britishmuseum.org/id/thesauri/currency/mohur,mohur,
http://collection.britishmuseum.org/id/thesauri/currency/moidore,moidore,
http://collection.britishmuseum.org/id/thesauri/currency/mon,mon,
http://collection.britishmuseum.org/id/thesauri/currency/monme,monme,
http://collection.britishmuseum.org/id/thesauri/currency/n-shilin,n shilin,
http://collection.britishmuseum.org/id/thesauri/currency/naira,naira,
http://collection.britishmuseum.org/id/thesauri/currency/nakfa,nakfa,
http://collection.britishmuseum.org/id/thesauri/currency/naya-paisa,naya paisa,
http://collection.britishmuseum.org/id/thesauri/currency/new-sheqel,new sheqel,
http://collection.britishmuseum.org/id/thesauri/currency/new-taiwan-dollar,new taiwan dollar,
http://collection.britishmuseum.org/id/thesauri/currency/ngultrum,ngultrum,
http://collection.britishmuseum.org/id/thesauri/currency/ngwee,ngwee,
http://collection.britishmuseum.org/id/thesauri/currency/nickel,nickel,
http://collection.britishmuseum.org/id/thesauri/currency/noble,noble,
http://collection.britishmuseum.org/id/thesauri/currency/nomisma,nomisma,
http://collection.britishmuseum.org/id/thesauri/currency/nuevo-sol,nuevo sol,
http://collection.britishmuseum.org/id/thesauri/currency/nummus,nummus,
http://collection.britishmuseum.org/id/thesauri/currency/obol,obol,
http://collection.britishmuseum.org/id/thesauri/currency/octachalkous,octachalkous,
http://collection.britishmuseum.org/id/thesauri/currency/octobol,octobol,
http://collection.britishmuseum.org/id/thesauri/currency/octodrachm,octodrachm,
http://collection.britishmuseum.org/id/thesauri/currency/offering-penny,offering-penny,
http://collection.britishmuseum.org/id/thesauri/currency/onza,onza,
http://collection.britishmuseum.org/id/thesauri/currency/ore,ore,
http://collection.britishmuseum.org/id/thesauri/currency/ortug,ortug,
http://collection.britishmuseum.org/id/thesauri/currency/ostmark,ostmark,
http://collection.britishmuseum.org/id/thesauri/currency/ouguiya,ouguiya,
http://collection.britishmuseum.org/id/thesauri/currency/ounce,ounce,
http://collection.britishmuseum.org/id/thesauri/currency/pa,pa,
http://collection.britishmuseum.org/id/thesauri/currency/pa-anga,pa'anga,
http://collection.britishmuseum.org/id/thesauri/currency/pagoda,pagoda,
http://collection.britishmuseum.org/id/thesauri/currency/pahlavi,pahlavi,
http://collection.britishmuseum.org/id/thesauri/currency/pai,pai,
http://collection.britishmuseum.org/id/thesauri/currency/paisa,paisa,
http://collection.britishmuseum.org/id/thesauri/currency/pana,pana,
http://collection.britishmuseum.org/id/thesauri/currency/pankki,pankki,
http://collection.britishmuseum.org/id/thesauri/currency/paolo,paolo,
http://collection.britishmuseum.org/id/thesauri/currency/para,para,
http://collection.britishmuseum.org/id/thesauri/currency/pardao,pardao,
http://collection.britishmuseum.org/id/thesauri/currency/parpaillot,parpaillot,
http://collection.britishmuseum.org/id/thesauri/currency/patac,patac,
http://collection.britishmuseum.org/id/thesauri/currency/pataca,pataca,
http://collection.britishmuseum.org/id/thesauri/currency/patagon,patagon,
http://collection.britishmuseum.org/id/thesauri/currency/patard,patard,
http://collection.britishmuseum.org/id/thesauri/currency/pavillon,pavillon,
http://collection.britishmuseum.org/id/thesauri/currency/peck,peck,
http://collection.britishmuseum.org/id/thesauri/currency/peerdeken,peerdeken,
http://collection.britishmuseum.org/id/thesauri/currency/pengo,pengo,
http://collection.britishmuseum.org/id/thesauri/currency/penni,penni,
http://collection.britishmuseum.org/id/thesauri/currency/penny,penny,
http://collection.britishmuseum.org/id/thesauri/currency/pentachalca,pentachalca,
http://collection.britishmuseum.org/id/thesauri/currency/pentobol,pentobol,
http://collection.britishmuseum.org/id/thesauri/currency/perpera,perpera,
http://collection.britishmuseum.org/id/thesauri/currency/peseta,peseta,
http://collection.britishmuseum.org/id/thesauri/currency/pesewa,pesewa,
http://collection.britishmuseum.org/id/thesauri/currency/peso,peso,
http://collection.britishmuseum.org/id/thesauri/currency/peso-boliviano,peso boliviano,
http://collection.britishmuseum.org/id/thesauri/currency/peso-fuerte,peso fuerte,
http://collection.britishmuseum.org/id/thesauri/currency/peso-nuevo,peso nuevo,
http://collection.britishmuseum.org/id/thesauri/currency/peso-oro,peso oro,
http://collection.britishmuseum.org/id/thesauri/currency/peso-uruguago,peso uruguago,
http://collection.britishmuseum.org/id/thesauri/currency/pesseta,pesseta,
http://collection.britishmuseum.org/id/thesauri/currency/petermannchen,petermannchen,
http://collection.britishmuseum.org/id/thesauri/currency/petit-brule,petit brule,
http://collection.britishmuseum.org/id/thesauri/currency/petit-denier,petit denier,
http://collection.britishmuseum.org/id/thesauri/currency/pfeniga,pfeniga,
http://collection.britishmuseum.org/id/thesauri/currency/pfennig,pfennig,
http://collection.britishmuseum.org/id/thesauri/currency/philippus-florin,philippus florin,
http://collection.britishmuseum.org/id/thesauri/currency/philipsdaalder,philipsdaalder,
http://collection.britishmuseum.org/id/thesauri/currency/piast,piast,
http://collection.britishmuseum.org/id/thesauri/currency/piaster,piaster,
http://collection.britishmuseum.org/id/thesauri/currency/piastre,piastre,
http://collection.britishmuseum.org/id/thesauri/currency/piccolo,piccolo,
http://collection.britishmuseum.org/id/thesauri/currency/pice,pice,
http://collection.britishmuseum.org/id/thesauri/currency/pie,pie,
http://collection.britishmuseum.org/id/thesauri/currency/piecette,piecette,
http://collection.britishmuseum.org/id/thesauri/currency/pieter-d-or,pieter d'or,
http://collection.britishmuseum.org/id/thesauri/currency/pinakion,pinakion,
http://collection.britishmuseum.org/id/thesauri/currency/pints,pints,
http://collection.britishmuseum.org/id/thesauri/currency/piso,piso,
http://collection.britishmuseum.org/id/thesauri/currency/pistareen,pistareen,
http://collection.britishmuseum.org/id/thesauri/currency/pistole,pistole,
http://collection.britishmuseum.org/id/thesauri/currency/plack,plack,
http://collection.britishmuseum.org/id/thesauri/currency/plappart,plappart,
http://collection.britishmuseum.org/id/thesauri/currency/popolino,popolino,
http://collection.britishmuseum.org/id/thesauri/currency/postulatsgulden,postulatsgulden,
http://collection.britishmuseum.org/id/thesauri/currency/potin,potin,
http://collection.britishmuseum.org/id/thesauri/currency/pound,pound,
http://collection.britishmuseum.org/id/thesauri/currency/praguergroschen,praguergroschen,
http://collection.britishmuseum.org/id/thesauri/currency/proclamation-jeton,proclamation jeton,
http://collection.britishmuseum.org/id/thesauri/currency/prutah,prutah,
http://collection.britishmuseum.org/id/thesauri/currency/puffin,puffin,
http://collection.britishmuseum.org/id/thesauri/currency/pula,pula,
http://collection.britishmuseum.org/id/thesauri/currency/punkt,punkt,
http://collection.britishmuseum.org/id/thesauri/currency/pupia,pupia,
http://collection.britishmuseum.org/id/thesauri/currency/pya,pya,
http://collection.britishmuseum.org/id/thesauri/currency/qepik,qepik,
http://collection.britishmuseum.org/id/thesauri/currency/qian,qian,
http://collection.britishmuseum.org/id/thesauri/currency/qindarka,qindarka,
http://collection.britishmuseum.org/id/thesauri/currency/qirsh,qirsh,
http://collection.britishmuseum.org/id/thesauri/currency/quadrans,quadrans,
http://collection.britishmuseum.org/id/thesauri/currency/quadrigatus,quadrigatus,
http://collection.britishmuseum.org/id/thesauri/currency/quadrunx,quadrunx,
http://collection.britishmuseum.org/id/thesauri/currency/quart,quart,
http://collection.britishmuseum.org/id/thesauri/currency/quarter,quarter,
http://collection.britishmuseum.org/id/thesauri/currency/quarter-stater,quarter stater,
http://collection.britishmuseum.org/id/thesauri/currency/quartern,quartern,
http://collection.britishmuseum.org/id/thesauri/currency/quarto,quarto,
http://collection.britishmuseum.org/id/thesauri/currency/quartuncia,quartuncia,
http://collection.britishmuseum.org/id/thesauri/currency/quattrino,quattrino,
http://collection.britishmuseum.org/id/thesauri/currency/quattrino-grosso,quattrino grosso,
http://collection.britishmuseum.org/id/thesauri/currency/quattrino-grosso-bianco,quattrino grosso bianco,
http://collection.britishmuseum.org/id/thesauri/currency/quattrino-lianco,quattrino lianco,
http://collection.britishmuseum.org/id/thesauri/currency/quetzal,quetzal,
http://collection.britishmuseum.org/id/thesauri/currency/quinarius,quinarius,
http://collection.britishmuseum.org/id/thesauri/currency/quincunx,quincunx,
http://collection.britishmuseum.org/id/thesauri/currency/quinto-di-scudo,quinto di scudo,
http://collection.britishmuseum.org/id/thesauri/currency/qurush,qurush,
http://collection.britishmuseum.org/id/thesauri/currency/rabkop,rabkop,
http://collection.britishmuseum.org/id/thesauri/currency/raderalbus,raderalbus,
http://collection.britishmuseum.org/id/thesauri/currency/radiate,radiate,
http://collection.britishmuseum.org/id/thesauri/currency/rand,rand,
http://collection.britishmuseum.org/id/thesauri/currency/rappen,rappen,
http://collection.britishmuseum.org/id/thesauri/currency/rasi,rasi,
http://collection.britishmuseum.org/id/thesauri/currency/reaal,reaal,
http://collection.britishmuseum.org/id/thesauri/currency/real,real,
http://collection.britishmuseum.org/id/thesauri/currency/real-d-or,real d'or,
http://collection.britishmuseum.org/id/thesauri/currency/reales,reales,
http://collection.britishmuseum.org/id/thesauri/currency/rechenpfennig,rechenpfennig,
http://collection.britishmuseum.org/id/thesauri/currency/reduced-drachm,reduced drachm,
http://collection.britishmuseum.org/id/thesauri/currency/reduced-tetradrachm,reduced tetradrachm,
http://collection.britishmuseum.org/id/thesauri/currency/reichtsthaler,reichtsthaler,
http://collection.britishmuseum.org/id/thesauri/currency/reis,reis,
http://collection.britishmuseum.org/id/thesauri/currency/rentenmark,rentenmark,
http://collection.britishmuseum.org/id/thesauri/currency/rial,rial,
http://collection.britishmuseum.org/id/thesauri/currency/rials,rials,
http://collection.britishmuseum.org/id/thesauri/currency/riblis,riblis,
http://collection.britishmuseum.org/id/thesauri/currency/rider,rider,
http://collection.britishmuseum.org/id/thesauri/currency/riel,riel,
http://collection.britishmuseum.org/id/thesauri/currency/riffan,riffan,
http://collection.britishmuseum.org/id/thesauri/currency/rigsbankdaler,rigsbankdaler,
http://collection.britishmuseum.org/id/thesauri/currency/rigsbankskilling,rigsbankskilling,
http://collection.britishmuseum.org/id/thesauri/currency/rigsdaler,rigsdaler,
http://collection.britishmuseum.org/id/thesauri/currency/rijder,rijder,
http://collection.britishmuseum.org/id/thesauri/currency/rijksdaalder,rijksdaalder,
http://collection.britishmuseum.org/id/thesauri/currency/riksdaler,riksdaler,
http://collection.britishmuseum.org/id/thesauri/currency/rin,rin,
http://collection.britishmuseum.org/id/thesauri/currency/ringgit,ringgit,
http://collection.britishmuseum.org/id/thesauri/currency/rix-dollar,rix-dollar,
http://collection.britishmuseum.org/id/thesauri/currency/rixdaler,rixdaler,
http://collection.britishmuseum.org/id/thesauri/currency/riyal,riyal,
http://collection.britishmuseum.org/id/thesauri/currency/rosart,rosart,
http://collection.britishmuseum.org/id/thesauri/currency/rose-noble,rose noble,
http://collection.britishmuseum.org/id/thesauri/currency/rose-ryal,rose ryal,
http://collection.britishmuseum.org/id/thesauri/currency/royalin,royalin,
http://collection.britishmuseum.org/id/thesauri/currency/rubel,rubel,
http://collection.britishmuseum.org/id/thesauri/currency/rubla,rubla,
http://collection.britishmuseum.org/id/thesauri/currency/ruble,ruble,
http://collection.britishmuseum.org/id/thesauri/currency/rufiyaa,rufiyaa,
http://collection.britishmuseum.org/id/thesauri/currency/rupee,rupee,
http://collection.britishmuseum.org/id/thesauri/currency/rupia,rupia,
http://collection.britishmuseum.org/id/thesauri/currency/rupiah,rupiah,
http://collection.britishmuseum.org/id/thesauri/currency/rupie,rupie,
http://collection.britishmuseum.org/id/thesauri/currency/ryal,ryal,
http://collection.britishmuseum.org/id/thesauri/currency/ryo,ryo,
http://collection.britishmuseum.org/id/thesauri/currency/salung,salung,
http://collection.britishmuseum.org/id/thesauri/currency/salut,salut,
http://collection.britishmuseum.org/id/thesauri/currency/santeem,santeem,
http://collection.britishmuseum.org/id/thesauri/currency/santim,santim,
http://collection.britishmuseum.org/id/thesauri/currency/santimat,santimat,
http://collection.britishmuseum.org/id/thesauri/currency/saschsenpfennig,saschsenpfennig,
http://collection.britishmuseum.org/id/thesauri/currency/sceat,sceat,
http://collection.britishmuseum.org/id/thesauri/currency/scellino,scellino,
http://collection.britishmuseum.org/id/thesauri/currency/schauthaler,schauthaler,
http://collection.britishmuseum.org/id/thesauri/currency/schildgroschen,schildgroschen,
http://collection.britishmuseum.org/id/thesauri/currency/schilling,schilling,
http://collection.britishmuseum.org/id/thesauri/currency/schnepfenheller,schnepfenheller,
http://collection.britishmuseum.org/id/thesauri/currency/schoter,schoter,
http://collection.britishmuseum.org/id/thesauri/currency/schuesselpfennig,schuesselpfennig,
http://collection.britishmuseum.org/id/thesauri/currency/schuitken,schuitken,
http://collection.britishmuseum.org/id/thesauri/currency/schutterspfennig,schutterspfennig,
http://collection.britishmuseum.org/id/thesauri/currency/scrap,scrap,
http://collection.britishmuseum.org/id/thesauri/currency/scudo,scudo,
http://collection.britishmuseum.org/id/thesauri/currency/sechser,sechser,
http://collection.britishmuseum.org/id/thesauri/currency/sechsling,sechsling,
http://collection.britishmuseum.org/id/thesauri/currency/sela,sela,
http://collection.britishmuseum.org/id/thesauri/currency/semis,semis,
http://collection.britishmuseum.org/id/thesauri/currency/semissis,semissis,
http://collection.britishmuseum.org/id/thesauri/currency/semuncia,semuncia,
http://collection.britishmuseum.org/id/thesauri/currency/sen,sen,
http://collection.britishmuseum.org/id/thesauri/currency/sene,sene,
http://collection.britishmuseum.org/id/thesauri/currency/seniti,seniti,
http://collection.britishmuseum.org/id/thesauri/currency/sent,sent,
http://collection.britishmuseum.org/id/thesauri/currency/sente,sente,
http://collection.britishmuseum.org/id/thesauri/currency/sentimo,sentimo,
http://collection.britishmuseum.org/id/thesauri/currency/sequin,sequin,
http://collection.britishmuseum.org/id/thesauri/currency/sestertius,sestertius,
http://collection.britishmuseum.org/id/thesauri/currency/sextans,sextans,
http://collection.britishmuseum.org/id/thesauri/currency/shagiv,shagiv,
http://collection.britishmuseum.org/id/thesauri/currency/shahi,shahi,
http://collection.britishmuseum.org/id/thesauri/currency/shekel,shekel,
http://collection.britishmuseum.org/id/thesauri/currency/sheqel,sheqel,
http://collection.britishmuseum.org/id/thesauri/currency/shilin,shilin,
http://collection.britishmuseum.org/id/thesauri/currency/shilingi,shilingi,
http://collection.britishmuseum.org/id/thesauri/currency/shilling,shilling,
http://collection.britishmuseum.org/id/thesauri/currency/sho,sho,
http://collection.britishmuseum.org/id/thesauri/currency/shu,shu,
http://collection.britishmuseum.org/id/thesauri/currency/sigli,sigli,
http://collection.britishmuseum.org/id/thesauri/currency/sigloi,sigloi,
http://collection.britishmuseum.org/id/thesauri/currency/siglos,siglos,
http://collection.britishmuseum.org/id/thesauri/currency/silbergroschen,silbergroschen,
http://collection.britishmuseum.org/id/thesauri/currency/siliqua,siliqua,
http://collection.britishmuseum.org/id/thesauri/currency/sixain,sixain,
http://collection.britishmuseum.org/id/thesauri/currency/sixpence,sixpence,
http://collection.britishmuseum.org/id/thesauri/currency/skar,skar,
http://collection.britishmuseum.org/id/thesauri/currency/skilling,skilling,
http://collection.britishmuseum.org/id/thesauri/currency/snaphaan,snaphaan,
http://collection.britishmuseum.org/id/thesauri/currency/snipe-heller,snipe-heller,
http://collection.britishmuseum.org/id/thesauri/currency/sol,sol,
http://collection.britishmuseum.org/id/thesauri/currency/sol-de-oro,sol de oro,
http://collection.britishmuseum.org/id/thesauri/currency/soldino,soldino,
http://collection.britishmuseum.org/id/thesauri/currency/soldo,soldo,
http://collection.britishmuseum.org/id/thesauri/currency/solidus,solidus,
http://collection.britishmuseum.org/id/thesauri/currency/som,som,
http://collection.britishmuseum.org/id/thesauri/currency/somali,somali,
http://collection.britishmuseum.org/id/thesauri/currency/somoni,somoni,
http://collection.britishmuseum.org/id/thesauri/currency/song-pei,song pei,
http://collection.britishmuseum.org/id/thesauri/currency/sortengulden,sortengulden,
http://collection.britishmuseum.org/id/thesauri/currency/sosling,sosling,
http://collection.britishmuseum.org/id/thesauri/currency/sou,sou,
http://collection.britishmuseum.org/id/thesauri/currency/souvereign,souvereign,
http://collection.britishmuseum.org/id/thesauri/currency/sovereign,sovereign,
http://collection.britishmuseum.org/id/thesauri/currency/sovrano,sovrano,
http://collection.britishmuseum.org/id/thesauri/currency/speciedaler,speciedaler,
http://collection.britishmuseum.org/id/thesauri/currency/spitzgroschen,spitzgroschen,
http://collection.britishmuseum.org/id/thesauri/currency/split,split,
http://collection.britishmuseum.org/id/thesauri/currency/sprenger,sprenger,
http://collection.britishmuseum.org/id/thesauri/currency/spur-ryal,spur ryal,
http://collection.britishmuseum.org/id/thesauri/currency/srang,srang,
http://collection.britishmuseum.org/id/thesauri/currency/stampee,stampee,
http://collection.britishmuseum.org/id/thesauri/currency/stater,stater,
http://collection.britishmuseum.org/id/thesauri/currency/stavraton,stavraton,
http://collection.britishmuseum.org/id/thesauri/currency/sterbegroschen,sterbegroschen,
http://collection.britishmuseum.org/id/thesauri/currency/sterling,sterling,
http://collection.britishmuseum.org/id/thesauri/currency/stiver,stiver,
http://collection.britishmuseum.org/id/thesauri/currency/stoter,stoter,
http://collection.britishmuseum.org/id/thesauri/currency/stotinka,stotinka,
http://collection.britishmuseum.org/id/thesauri/currency/stotinov,stotinov,
http://collection.britishmuseum.org/id/thesauri/currency/string,string,
http://collection.britishmuseum.org/id/thesauri/currency/stuiver,stuiver,
http://collection.britishmuseum.org/id/thesauri/currency/st-ber,stber,
http://collection.britishmuseum.org/id/thesauri/currency/su,su,
http://collection.britishmuseum.org/id/thesauri/currency/sucre,sucre,
http://collection.britishmuseum.org/id/thesauri/currency/suki,suki,
http://collection.britishmuseum.org/id/thesauri/currency/sum,sum,
http://collection.britishmuseum.org/id/thesauri/currency/swaren,swaren,
http://collection.britishmuseum.org/id/thesauri/currency/sword-and-sceptre-piece,sword and sceptre piece,
http://collection.britishmuseum.org/id/thesauri/currency/sword-dollar,sword dollar,
http://collection.britishmuseum.org/id/thesauri/currency/syli,syli,
http://collection.britishmuseum.org/id/thesauri/currency/tael,tael,
http://collection.britishmuseum.org/id/thesauri/currency/tahr,tahr,
http://collection.britishmuseum.org/id/thesauri/currency/taka,taka,
http://collection.britishmuseum.org/id/thesauri/currency/takoe,takoe,
http://collection.britishmuseum.org/id/thesauri/currency/tala,tala,
http://collection.britishmuseum.org/id/thesauri/currency/tallero,tallero,
http://collection.britishmuseum.org/id/thesauri/currency/talona,talona,
http://collection.britishmuseum.org/id/thesauri/currency/tam,tam,
http://collection.britishmuseum.org/id/thesauri/currency/tambala,tambala,
http://collection.britishmuseum.org/id/thesauri/currency/tamlung,tamlung,
http://collection.britishmuseum.org/id/thesauri/currency/tanga,tanga,
http://collection.britishmuseum.org/id/thesauri/currency/tangka,tangka,
http://collection.britishmuseum.org/id/thesauri/currency/taro,taro,
http://collection.britishmuseum.org/id/thesauri/currency/tenga,tenga,
http://collection.britishmuseum.org/id/thesauri/currency/tenge,tenge,
http://collection.britishmuseum.org/id/thesauri/currency/tennesi,tennesi,
http://collection.britishmuseum.org/id/thesauri/currency/teruncius,teruncius,
http://collection.britishmuseum.org/id/thesauri/currency/tessera,tessera,
http://collection.britishmuseum.org/id/thesauri/currency/tessin,tessin,
http://collection.britishmuseum.org/id/thesauri/currency/testoen,testoen,
http://collection.britishmuseum.org/id/thesauri/currency/teston,teston,
http://collection.britishmuseum.org/id/thesauri/currency/testone,testone,
http://collection.britishmuseum.org/id/thesauri/currency/testoon,testoon,
http://collection.britishmuseum.org/id/thesauri/currency/tetartemorion,tetartemorion,
http://collection.britishmuseum.org/id/thesauri/currency/tetarteron,tetarteron,
http://collection.britishmuseum.org/id/thesauri/currency/tetrachalkous,tetrachalkous,
http://collection.britishmuseum.org/id/thesauri/currency/tetradrachm,tetradrachm,
http://collection.britishmuseum.org/id/thesauri/currency/tetrobol,tetrobol,
http://collection.britishmuseum.org/id/thesauri/currency/thaler,thaler,
http://collection.britishmuseum.org/id/thesauri/currency/thebe,thebe,
http://collection.britishmuseum.org/id/thesauri/currency/thetri,thetri,
http://collection.britishmuseum.org/id/thesauri/currency/thistle-crown,thistle crown,
http://collection.britishmuseum.org/id/thesauri/currency/thistle-dollar,thistle dollar,
http://collection.britishmuseum.org/id/thesauri/currency/thistle-merk,thistle merk,
http://collection.britishmuseum.org/id/thesauri/currency/thistle-noble,thistle noble,
http://collection.britishmuseum.org/id/thesauri/currency/threepence,threepence,
http://collection.britishmuseum.org/id/thesauri/currency/thrymsa,thrymsa,
http://collection.britishmuseum.org/id/thesauri/currency/tical,tical,
http://collection.britishmuseum.org/id/thesauri/currency/tien,tien,
http://collection.britishmuseum.org/id/thesauri/currency/timasha,timasha,
http://collection.britishmuseum.org/id/thesauri/currency/tiyin,tiyin,
http://collection.britishmuseum.org/id/thesauri/currency/toea,toea,
http://collection.britishmuseum.org/id/thesauri/currency/toison,toison,
http://collection.britishmuseum.org/id/thesauri/currency/tola,tola,
http://collection.britishmuseum.org/id/thesauri/currency/tolar,tolar,
http://collection.britishmuseum.org/id/thesauri/currency/toman,toman,
http://collection.britishmuseum.org/id/thesauri/currency/tongyuan,tongyuan,
http://collection.britishmuseum.org/id/thesauri/currency/tornesello,tornesello,
http://collection.britishmuseum.org/id/thesauri/currency/tournesion,tournesion,
http://collection.britishmuseum.org/id/thesauri/currency/tournois,tournois,
http://collection.britishmuseum.org/id/thesauri/currency/trachy,trachy,
http://collection.britishmuseum.org/id/thesauri/currency/tremissis,tremissis,
http://collection.britishmuseum.org/id/thesauri/currency/tressis,tressis,
http://collection.britishmuseum.org/id/thesauri/currency/trichalka,trichalka,
http://collection.britishmuseum.org/id/thesauri/currency/tridrachm,tridrachm,
http://collection.britishmuseum.org/id/thesauri/currency/triens,triens,
http://collection.britishmuseum.org/id/thesauri/currency/trihemiobol,trihemiobol,
http://collection.britishmuseum.org/id/thesauri/currency/trihemitetartemorion,trihemitetartemorion,
http://collection.britishmuseum.org/id/thesauri/currency/triobol,triobol,
http://collection.britishmuseum.org/id/thesauri/currency/tritetartemorion,tritetartemorion,
http://collection.britishmuseum.org/id/thesauri/currency/tugrik,tugrik,
http://collection.britishmuseum.org/id/thesauri/currency/tuinen,tuinen,
http://collection.britishmuseum.org/id/thesauri/currency/turner,turner,
http://collection.britishmuseum.org/id/thesauri/currency/turnose,turnose,
http://collection.britishmuseum.org/id/thesauri/currency/twelvepenny-groat,twelvepenny-groat,
http://collection.britishmuseum.org/id/thesauri/currency/twopence,twopence,
http://collection.britishmuseum.org/id/thesauri/currency/tyin,tyin,
http://collection.britishmuseum.org/id/thesauri/currency/tyiyn,tyiyn,
http://collection.britishmuseum.org/id/thesauri/currency/uncertain,uncertain,
http://collection.britishmuseum.org/id/thesauri/currency/uncia,uncia,
http://collection.britishmuseum.org/id/thesauri/currency/unicorn,unicorn,
http://collection.britishmuseum.org/id/thesauri/currency/unidad,unidad,
http://collection.britishmuseum.org/id/thesauri/currency/unit,unit,
http://collection.britishmuseum.org/id/thesauri/currency/unite,unite,
http://collection.britishmuseum.org/id/thesauri/currency/urumyia,urumyia,
http://collection.britishmuseum.org/id/thesauri/currency/valor,valor,
http://collection.britishmuseum.org/id/thesauri/currency/van,van,
http://collection.britishmuseum.org/id/thesauri/currency/vatu,vatu,
http://collection.britishmuseum.org/id/thesauri/currency/velli-fanam,velli fanam,
http://collection.britishmuseum.org/id/thesauri/currency/vereinsthaler,vereinsthaler,
http://collection.britishmuseum.org/id/thesauri/currency/victoriatus,victoriatus,
http://collection.britishmuseum.org/id/thesauri/currency/vierchen,vierchen,
http://collection.britishmuseum.org/id/thesauri/currency/vierer,vierer,
http://collection.britishmuseum.org/id/thesauri/currency/vierling,vierling,
http://collection.britishmuseum.org/id/thesauri/currency/vinar,vinar,
http://collection.britishmuseum.org/id/thesauri/currency/weisspfennig,weisspfennig,
http://collection.britishmuseum.org/id/thesauri/currency/wen,wen,
http://collection.britishmuseum.org/id/thesauri/currency/werk,werk,
http://collection.britishmuseum.org/id/thesauri/currency/witten,witten,
http://collection.britishmuseum.org/id/thesauri/currency/won,won,
http://collection.britishmuseum.org/id/thesauri/currency/xian,xian,
http://collection.britishmuseum.org/id/thesauri/currency/xu,xu,
http://collection.britishmuseum.org/id/thesauri/currency/yang,yang,
http://collection.britishmuseum.org/id/thesauri/currency/yen,yen,
http://collection.britishmuseum.org/id/thesauri/currency/yuan,yuan,
http://collection.britishmuseum.org/id/thesauri/currency/zaire,zaire,
http://collection.britishmuseum.org/id/thesauri/currency/zecchino,zecchino,
http://collection.britishmuseum.org/id/thesauri/currency/zloty,zloty,
http://collection.britishmuseum.org/id/thesauri/currency/zollpfennig,zollpfennig,
http://collection.britishmuseum.org/id/thesauri/currency/zuz,zuz,
http://collection.britishmuseum.org/id/thesauri/currency/zwoelfer,zwoelfer,
