URI,Label,
http://collection.britishmuseum.org/id/thesauri/script/-phags-pa,'Phags-pa,
http://collection.britishmuseum.org/id/thesauri/script/-derivative-of-devanagari-script,(derivative of Devanagari script),
http://collection.britishmuseum.org/id/thesauri/script/-reverse,(reverse),
http://collection.britishmuseum.org/id/thesauri/script/.eniia.m,.ENIIA.M,
http://collection.britishmuseum.org/id/thesauri/scrip/1,/,
http://collection.britishmuseum.org/id/thesauri/script,?,
http://collection.britishmuseum.org/id/thesauri/script/-mon,? Mon,
http://collection.britishmuseum.org/id/thesauri/script/-mon-burmese,? Mon ? Burmese,
http://collection.britishmuseum.org/id/thesauri/script/-arabic,?Arabic,
http://collection.britishmuseum.org/id/thesauri/script/-gujarati,?Gujarati,
http://collection.britishmuseum.org/id/thesauri/script/-new-roman-cursive,?New Roman Cursive,
http://collection.britishmuseum.org/id/thesauri/script/-old-roman-cursive,?Old Roman Cursive,
http://collection.britishmuseum.org/id/thesauri/script/-roman,?Roman,
http://collection.britishmuseum.org/id/thesauri/script/arabic-test,ARABIC TEST!,
http://collection.britishmuseum.org/id/thesauri/script/akkadian,Akkadian,
http://collection.britishmuseum.org/id/thesauri/script/alphabetic,Alphabetic,
http://collection.britishmuseum.org/id/thesauri/script/amharic,Amharic,
http://collection.britishmuseum.org/id/thesauri/script/amharic-fidel,Amharic fidel,
http://collection.britishmuseum.org/id/thesauri/script/ancient-greek,Ancient Greek,
http://collection.britishmuseum.org/id/thesauri/script/ancient-south-arabian,Ancient South Arabian,
http://collection.britishmuseum.org/id/thesauri/script/arabic,Arabic,
http://collection.britishmuseum.org/id/thesauri/script/arabic-cufic,Arabic ('Cufic'),
http://collection.britishmuseum.org/id/thesauri/script/arabic-kufic,Arabic Kufic,
http://collection.britishmuseum.org/id/thesauri/script/arabic,Arabic [?],
http://collection.britishmuseum.org/id/thesauri/script/arabic-and-english,Arabic and English,
http://collection.britishmuseum.org/id/thesauri/script/arabic-and-french,Arabic and French,
http://collection.britishmuseum.org/id/thesauri/script/arabic-and-japanese,Arabic and Japanese,
http://collection.britishmuseum.org/id/thesauri/script/arabic-and-latin,Arabic and Latin,
http://collection.britishmuseum.org/id/thesauri/script/arabic-and-old-nubian-greek,Arabic and Old Nubian (Greek),
http://collection.britishmuseum.org/id/thesauri/script/arabic-and-roman,Arabic and Roman,
http://collection.britishmuseum.org/id/thesauri/script/arabic-cursive,Arabic cursive,
http://collection.britishmuseum.org/id/thesauri/script/arabic-cursive-script,Arabic cursive script,
http://collection.britishmuseum.org/id/thesauri/script/arabic-naskh,Arabic naskh,
http://collection.britishmuseum.org/id/thesauri/script/arabic-nasta-liq,Arabic nasta'liq,
http://collection.britishmuseum.org/id/thesauri/script/arabic-thuluth,Arabic thuluth,
http://collection.britishmuseum.org/id/thesauri/script/arabic-greek-coptic-old-nubian,"Arabic, Greek?, Coptic?, Old Nubian?",
http://collection.britishmuseum.org/id/thesauri/script/arabic.-roman,Arabic. Roman,
http://collection.britishmuseum.org/id/thesauri/script/arabic-nasta-liq,Arabic; Nasta'liq,
http://collection.britishmuseum.org/id/thesauri/script/arabic,Arabic?,
http://collection.britishmuseum.org/id/thesauri/script/aramaic,Aramaic,
http://collection.britishmuseum.org/id/thesauri/script/aramaic,Aramaic?,
http://collection.britishmuseum.org/id/thesauri/script/argive,Argive,
http://collection.britishmuseum.org/id/thesauri/script/armenian,Armenian,
http://collection.britishmuseum.org/id/thesauri/script/asamese,Asamese,
http://collection.britishmuseum.org/id/thesauri/script/assamese,Assamese,
http://collection.britishmuseum.org/id/thesauri/script/attic-alphabetic-greek,Attic alphabetic Greek,
http://collection.britishmuseum.org/id/thesauri/script/black-letter,BLack letter,
http://collection.britishmuseum.org/id/thesauri/script/bactrian,Bactrian,
http://collection.britishmuseum.org/id/thesauri/script/bactrian,Bactrian (?),
http://collection.britishmuseum.org/id/thesauri/script/bahmi,Bahmi,
http://collection.britishmuseum.org/id/thesauri/script/benagli,Benagli,
http://collection.britishmuseum.org/id/thesauri/script/bengali,Bengali,
http://collection.britishmuseum.org/id/thesauri/script/bengali-devanagari,Bengali - Devanagari -,
http://collection.britishmuseum.org/id/thesauri/script/bengali-devanagari-roman,Bengali - devanagari - Roman,
http://collection.britishmuseum.org/id/thesauri/script/bengali-and-arabic-numerals,Bengali and Arabic numerals,
http://collection.britishmuseum.org/id/thesauri/script/bengali-and-roman,Bengali and Roman,
http://collection.britishmuseum.org/id/thesauri/script/black-letter,Black Letter,
http://collection.britishmuseum.org/id/thesauri/script/black-letter,Black letter,
http://collection.britishmuseum.org/id/thesauri/script/black-letter-on-a-doubled-scroll,Black letter on a doubled scroll,
http://collection.britishmuseum.org/id/thesauri/script/black-letter-within-beaded-border,Black letter within beaded border,
http://collection.britishmuseum.org/id/thesauri/script/black-letter-within-cabled-borders,Black letter within cabled borders,
http://collection.britishmuseum.org/id/thesauri/script/black-letter,Black-letter,
http://collection.britishmuseum.org/id/thesauri/script/blundered-greek,Blundered Greek,
http://collection.britishmuseum.org/id/thesauri/script/blundered-kharoshthi,Blundered Kharoshthi,
http://collection.britishmuseum.org/id/thesauri/script/boeotian,Boeotian,
http://collection.britishmuseum.org/id/thesauri/script/boeotian-alphabet,Boeotian alphabet,
http://collection.britishmuseum.org/id/thesauri/script/brahmi,Brahmi,
http://collection.britishmuseum.org/id/thesauri/script/brahmi-and-kharoshthi,Brahmi and Kharoshthi,
http://collection.britishmuseum.org/id/thesauri/script/brahmi-northern-style,"Brahmi, northern style",
http://collection.britishmuseum.org/id/thesauri/script/brahmi,Brahmi?,
http://collection.britishmuseum.org/id/thesauri/script/braille,Braille,
http://collection.britishmuseum.org/id/thesauri/script/braille-script,Braille script,
http://collection.britishmuseum.org/id/thesauri/script/br-hm,Br?hm?,
http://collection.britishmuseum.org/id/thesauri/script/burmese,Burmese,
http://collection.britishmuseum.org/id/thesauri/script/burmese-and-pali,Burmese and Pali,
http://collection.britishmuseum.org/id/thesauri/script/burmese-and-roman,Burmese and Roman,
http://collection.britishmuseum.org/id/thesauri/script/burmese-roman,"Burmese, Roman",
http://collection.britishmuseum.org/id/thesauri/script/burnese,Burnese,
http://collection.britishmuseum.org/id/thesauri/script/cambodian,Cambodian,
http://collection.britishmuseum.org/id/thesauri/script/capital-lettering,Capital lettering,
http://collection.britishmuseum.org/id/thesauri/script/capital-letters-in-pen,Capital letters in pen,
http://collection.britishmuseum.org/id/thesauri/script/capital-letters-white-paint-over-black,Capital letters; white paint over black,
http://collection.britishmuseum.org/id/thesauri/script/capitals,Capitals,
http://collection.britishmuseum.org/id/thesauri/script/carian,Carian,
http://collection.britishmuseum.org/id/thesauri/script/carved-into-the-stone,Carved into the stone,
http://collection.britishmuseum.org/id/thesauri/script/charakteres,Charakteres,
http://collection.britishmuseum.org/id/thesauri/script/charakteres-magic-symbols,Charakteres (magic symbols),
http://collection.britishmuseum.org/id/thesauri/script/charakteres-magical-symbols,Charakteres (magical symbols),
http://collection.britishmuseum.org/id/thesauri/script/charakteres-magical-symbols0,Charakteres (magical symbols0,
http://collection.britishmuseum.org/id/thesauri/script/charakteres-magical-symbols,Charakteres [magical symbols],
http://collection.britishmuseum.org/id/thesauri/script/charakteres-and-numbers,Charakteres and numbers,
http://collection.britishmuseum.org/id/thesauri/script/charakteres-and-symbols,Charakteres and symbols,
http://collection.britishmuseum.org/id/thesauri/script/charakteres-or-hieroglyphs,Charakteres or hieroglyphs,
http://collection.britishmuseum.org/id/thesauri/script/charkteres-and-symbols,Charkteres and symbols,
http://collection.britishmuseum.org/id/thesauri/script/chinese,Chinese,
http://collection.britishmuseum.org/id/thesauri/script/chinese-and-manchu,Chinese and Manchu,
http://collection.britishmuseum.org/id/thesauri/script/chinese-and-manchurian,Chinese and Manchurian,
http://collection.britishmuseum.org/id/thesauri/script/chinese-and-roman,Chinese and Roman,
http://collection.britishmuseum.org/id/thesauri/script/chinese-characters,Chinese characters,
http://collection.britishmuseum.org/id/thesauri/script/chinese-english,"Chinese, English",
http://collection.britishmuseum.org/id/thesauri/script/chinese/english,Chinese/English,
http://collection.britishmuseum.org/id/thesauri/script/classical-cypriot-syllabary,Classical Cypriot Syllabary,
http://collection.britishmuseum.org/id/thesauri/script/classical-greek-alphabet,Classical Greek alphabet,
http://collection.britishmuseum.org/id/thesauri/script/classsical-greek-alphabet,Classsical Greek alphabet,
http://collection.britishmuseum.org/id/thesauri/script/clerical,Clerical,
http://collection.britishmuseum.org/id/thesauri/script/coptic,Coptic,
http://collection.britishmuseum.org/id/thesauri/script/coptic-greek,Coptic & Greek,
http://collection.britishmuseum.org/id/thesauri/script/coptic-probably,Coptic (probably),
http://collection.britishmuseum.org/id/thesauri/script/coptic-and-kufic,Coptic and Kufic,
http://collection.britishmuseum.org/id/thesauri/script/coptic-or-greek,Coptic or Greek ?,
http://collection.britishmuseum.org/id/thesauri/script/corrupt-greek,Corrupt Greek,
http://collection.britishmuseum.org/id/thesauri/script/cretan-hieroglyphic,Cretan Hieroglyphic,
http://collection.britishmuseum.org/id/thesauri/script/cretan-hieroglyphic-script,Cretan Hieroglyphic script,
http://collection.britishmuseum.org/id/thesauri/script/cueniform,Cueniform,
http://collection.britishmuseum.org/id/thesauri/script/cufic,Cufic,
http://collection.britishmuseum.org/id/thesauri/script/cufic-strangeli,"Cufic, Strangeli",
http://collection.britishmuseum.org/id/thesauri/script/cuneiform,Cuneiform,
http://collection.britishmuseum.org/id/thesauri/script/cuneiform,Cuneiform (?),
http://collection.britishmuseum.org/id/thesauri/script/cuneiform-and-hieroglyphic,Cuneiform and hieroglyphic,
http://collection.britishmuseum.org/id/thesauri/script/cuneiform-and-pseudo-script,Cuneiform and pseudo-script,
http://collection.britishmuseum.org/id/thesauri/script/cuneiform:-babylonian,Cuneiform: Babylonian,
http://collection.britishmuseum.org/id/thesauri/script/cuneiform,Cuneiform?,
http://collection.britishmuseum.org/id/thesauri/script/cursive,Cursive,
http://collection.britishmuseum.org/id/thesauri/script/cursive-hieroglyphic,Cursive hieroglyphic,
http://collection.britishmuseum.org/id/thesauri/script/cypriot,Cypriot,
http://collection.britishmuseum.org/id/thesauri/script/cypriot-syllabary,Cypriot Syllabary,
http://collection.britishmuseum.org/id/thesauri/script/cypriot-syllabic,Cypriot Syllabic,
http://collection.britishmuseum.org/id/thesauri/script/cypriot-syllabic,Cypriot Syllabic (?),
http://collection.britishmuseum.org/id/thesauri/script/cypriot-syllabary,Cypriot syllabary,
http://collection.britishmuseum.org/id/thesauri/script/cypriot,Cypriot?,
http://collection.britishmuseum.org/id/thesauri/script/cypriote,Cypriote,
http://collection.britishmuseum.org/id/thesauri/script/cypriote,Cypriote (?),
http://collection.britishmuseum.org/id/thesauri/script/cypro-minoan,Cypro-Minoan,
http://collection.britishmuseum.org/id/thesauri/script/cypro-minoan,Cypro-Minoan (?),
http://collection.britishmuseum.org/id/thesauri/script/cypro-minoan,Cypro-Minoan?,
http://collection.britishmuseum.org/id/thesauri/script/cypro-syllabic,Cypro-Syllabic,
http://collection.britishmuseum.org/id/thesauri/script/cyrilic,Cyrilic,
http://collection.britishmuseum.org/id/thesauri/script/cyrillic,Cyrillic,
http://collection.britishmuseum.org/id/thesauri/script/cyrillic-and-latin,Cyrillic and Latin,
http://collection.britishmuseum.org/id/thesauri/script/cyrillic-numeric,"Cyrillic, numeric",
http://collection.britishmuseum.org/id/thesauri/script/cyrllic,Cyrllic,
http://collection.britishmuseum.org/id/thesauri/script/demotic,Demotic,
http://collection.britishmuseum.org/id/thesauri/script/demotic,Demotic ?,
http://collection.britishmuseum.org/id/thesauri/script/demotic,Demotic(?),
http://collection.britishmuseum.org/id/thesauri/script/devanagari,DevaNagari,
http://collection.britishmuseum.org/id/thesauri/script/devanagari,Devanagari,
http://collection.britishmuseum.org/id/thesauri/script/devanagari-brahmand-only,Devanagari [Brahmand only],
http://collection.britishmuseum.org/id/thesauri/script/devanagiri,Devanagiri,
http://collection.britishmuseum.org/id/thesauri/script/devanagiri-and-nastaliq,Devanagiri and Nastaliq,
http://collection.britishmuseum.org/id/thesauri/script/devnagari,Devnagari,
http://collection.britishmuseum.org/id/thesauri/script/doric,Doric,
http://collection.britishmuseum.org/id/thesauri/script/dravidian,Dravidian,
http://collection.britishmuseum.org/id/thesauri/script/early-burmese,Early Burmese,
http://collection.britishmuseum.org/id/thesauri/script/early-n-gar,Early N?gar?,
http://collection.britishmuseum.org/id/thesauri/script/egyptian-hieroglyphic,Egyptian Hieroglyphic,
http://collection.britishmuseum.org/id/thesauri/script/egyptian-hieroglyphic,Egyptian hieroglyphic,
http://collection.britishmuseum.org/id/thesauri/script/egyptian-hieroglyphs,Egyptian hieroglyphs,
http://collection.britishmuseum.org/id/thesauri/script/egyptian-hierogylphic,Egyptian hierogylphic,
http://collection.britishmuseum.org/id/thesauri/script/egyptian-hierogylphic,Egyptian hierogylphic (?),
http://collection.britishmuseum.org/id/thesauri/script/english,English,
http://collection.britishmuseum.org/id/thesauri/script/english-/-arabic,English / Arabic,
http://collection.britishmuseum.org/id/thesauri/script/english-and-telugu,English and Telugu,
http://collection.britishmuseum.org/id/thesauri/script/english-handwriting,English handwriting,
http://collection.britishmuseum.org/id/thesauri/script/english-nagari-bengali,"English,  Nagari, Bengali",
http://collection.britishmuseum.org/id/thesauri/script/english-nagari-and-bengali,"English, Nagari and Bengali",
http://collection.britishmuseum.org/id/thesauri/script/english-nagari-bengali,"English, Nagari, Bengali",
http://collection.britishmuseum.org/id/thesauri/script/english/chinese,English/Chinese,
http://collection.britishmuseum.org/id/thesauri/script/estranghelo,Estranghelo,
http://collection.britishmuseum.org/id/thesauri/script/ethiopian-fidel,Ethiopian Fidel,
http://collection.britishmuseum.org/id/thesauri/script/ethiopian-fidel,Ethiopian fidel,
http://collection.britishmuseum.org/id/thesauri/script/etruscan,Etruscan,
http://collection.britishmuseum.org/id/thesauri/script/etruscan,Etruscan.,
http://collection.britishmuseum.org/id/thesauri/script/etruscan,Etruscan?,
http://collection.britishmuseum.org/id/thesauri/script/euboean,Euboean,
http://collection.britishmuseum.org/id/thesauri/script/farsi,Farsi,
http://collection.britishmuseum.org/id/thesauri/script/fatimid-kufic,Fatimid Kufic,
http://collection.britishmuseum.org/id/thesauri/script/french,French,
http://collection.britishmuseum.org/id/thesauri/script/gavotu-island-solomons,"GAVOTU ISLAND, SOLOMONS.",
http://collection.britishmuseum.org/id/thesauri/script/ge-ez,Ge'ez,
http://collection.britishmuseum.org/id/thesauri/script/ge-ez-fidel,Ge'ez fidel,
http://collection.britishmuseum.org/id/thesauri/script/georgian,Georgian,
http://collection.britishmuseum.org/id/thesauri/script/german-gothic,German Gothic,
http://collection.britishmuseum.org/id/thesauri/script/german-hand,German hand,
http://collection.britishmuseum.org/id/thesauri/script/gnostic,Gnostic,
http://collection.britishmuseum.org/id/thesauri/script/gothic,Gothic,
http://collection.britishmuseum.org/id/thesauri/script/gothic-german,Gothic German,
http://collection.britishmuseum.org/id/thesauri/script/grass-script,Grass script,
http://collection.britishmuseum.org/id/thesauri/script/greek,Greek,
http://collection.britishmuseum.org/id/thesauri/script/greek-aramaic,Greek & Aramaic,
http://collection.britishmuseum.org/id/thesauri/script/greek,Greek (?),
http://collection.britishmuseum.org/id/thesauri/script/greek-corinthian,Greek (Corinthian?),
http://collection.britishmuseum.org/id/thesauri/script/greek-perhaps-latin,Greek (perhaps Latin),
http://collection.britishmuseum.org/id/thesauri/script/greek,Greek ?,
http://collection.britishmuseum.org/id/thesauri/script/greek-alphabet,Greek Alphabet,
http://collection.britishmuseum.org/id/thesauri/script/greek-alphabet-achaean,Greek Alphabet (Achaean),
http://collection.britishmuseum.org/id/thesauri/script/greek-alphabet,Greek alphabet,
http://collection.britishmuseum.org/id/thesauri/script/greek-alphabet,Greek alphabet (?),
http://collection.britishmuseum.org/id/thesauri/script/greek-and-cypro-syllabic,Greek and Cypro-Syllabic,
http://collection.britishmuseum.org/id/thesauri/script/greek-blundered,Greek blundered,
http://collection.britishmuseum.org/id/thesauri/script/greek-or-coptic,Greek or Coptic,
http://collection.britishmuseum.org/id/thesauri/script/greek-or-cufic,Greek or Cufic,
http://collection.britishmuseum.org/id/thesauri/script/greek,Greek(?),
http://collection.britishmuseum.org/id/thesauri/script/greek-greek,"Greek,Greek",
http://collection.britishmuseum.org/id/thesauri/script/greek/kharoshthi,Greek/Kharoshthi,
http://collection.britishmuseum.org/id/thesauri/script/greek/latin,Greek/Latin,
http://collection.britishmuseum.org/id/thesauri/script/greek/latin-mixed,Greek/Latin mixed,
http://collection.britishmuseum.org/id/thesauri/script/greek/roman-mixed,Greek/Roman mixed,
http://collection.britishmuseum.org/id/thesauri/script/greek,Greek?,
http://collection.britishmuseum.org/id/thesauri/script/gujarati,Gujarati,
http://collection.britishmuseum.org/id/thesauri/script/gupta,Gupta,
http://collection.britishmuseum.org/id/thesauri/script/gupta-brahmi,Gupta Brahmi,
http://collection.britishmuseum.org/id/thesauri/script/gupta-characters,Gupta characters,
http://collection.britishmuseum.org/id/thesauri/script/gurmukhi,Gurmukhi,
http://collection.britishmuseum.org/id/thesauri/script/hieroglyphic,HIeroglyphic,
http://collection.britishmuseum.org/id/thesauri/script/hand-written,Hand written,
http://collection.britishmuseum.org/id/thesauri/script/handwritten,Handwritten,
http://collection.britishmuseum.org/id/thesauri/script/handwritten-in-pen,Handwritten in Pen,
http://collection.britishmuseum.org/id/thesauri/script/handwritten-in-blue-ink,Handwritten in blue ink,
http://collection.britishmuseum.org/id/thesauri/script/handwritten-in-ink,Handwritten in ink,
http://collection.britishmuseum.org/id/thesauri/script/handwritten-in-pen,Handwritten in pen,
http://collection.britishmuseum.org/id/thesauri/script/handwritten-in-pencil,Handwritten in pencil,
http://collection.britishmuseum.org/id/thesauri/script/handwritten-pencil,Handwritten pencil,
http://collection.britishmuseum.org/id/thesauri/script/hebrew,Hebrew,
http://collection.britishmuseum.org/id/thesauri/script/heiroglyphic,Heiroglyphic,
http://collection.britishmuseum.org/id/thesauri/script/hieratic,Hieratic,
http://collection.britishmuseum.org/id/thesauri/script/hieratic,Hieratic(?),
http://collection.britishmuseum.org/id/thesauri/script/hieroglyph,Hieroglyph,
http://collection.britishmuseum.org/id/thesauri/script/hieroglyphic,Hieroglyphic,
http://collection.britishmuseum.org/id/thesauri/script/hieroglyphic,Hieroglyphic(?),
http://collection.britishmuseum.org/id/thesauri/script/hieroglyphs,Hieroglyphs,
http://collection.britishmuseum.org/id/thesauri/script/hindi,Hindi,
http://collection.britishmuseum.org/id/thesauri/script/iberian,Iberian,
http://collection.britishmuseum.org/id/thesauri/script/indian,Indian,
http://collection.britishmuseum.org/id/thesauri/script/indian-siddham,Indian Siddham,
http://collection.britishmuseum.org/id/thesauri/script/indic,Indic,
http://collection.britishmuseum.org/id/thesauri/script/indistinct,Indistinct,
http://collection.britishmuseum.org/id/thesauri/script/indus,Indus,
http://collection.britishmuseum.org/id/thesauri/script/indus-valley,Indus Valley,
http://collection.britishmuseum.org/id/thesauri/script/inscribed,Inscribed,
http://collection.britishmuseum.org/id/thesauri/script/insular,Insular,
http://collection.britishmuseum.org/id/thesauri/script/inuktitut-syllabic,Inuktitut syllabic,
http://collection.britishmuseum.org/id/thesauri/script/ionian-greek-alphabet,Ionian Greek alphabet (?),
http://collection.britishmuseum.org/id/thesauri/script/ionic,Ionic,
http://collection.britishmuseum.org/id/thesauri/script/italic,Italic,
http://collection.britishmuseum.org/id/thesauri/script/italic-capitals,Italic capitals,
http://collection.britishmuseum.org/id/thesauri/script/italiot,Italiot,
http://collection.britishmuseum.org/id/thesauri/script/italiot-/-lepontic,Italiot / Lepontic,
http://collection.britishmuseum.org/id/thesauri/script/jafri,Jafri,
http://collection.britishmuseum.org/id/thesauri/script/japanese,Japanese,
http://collection.britishmuseum.org/id/thesauri/script/japanese-reverse,Japanese (reverse),
http://collection.britishmuseum.org/id/thesauri/script/japanese-and-arabic,Japanese and Arabic,
http://collection.britishmuseum.org/id/thesauri/script/japanese-and-roman,Japanese and Roman,
http://collection.britishmuseum.org/id/thesauri/script/japanese,Japanese?,
http://collection.britishmuseum.org/id/thesauri/script/kaishhu,Kaishhu,
http://collection.britishmuseum.org/id/thesauri/script/kaishu,Kaishu,
http://collection.britishmuseum.org/id/thesauri/script/kaishu,Kaishu ??,
http://collection.britishmuseum.org/id/thesauri/script/kaithi,Kaithi,
http://collection.britishmuseum.org/id/thesauri/script/kanji,Kanji,
http://collection.britishmuseum.org/id/thesauri/script/kannada,Kannada,
http://collection.britishmuseum.org/id/thesauri/script/kharoshth,Kharoshth,
http://collection.britishmuseum.org/id/thesauri/script/kharoshthi,Kharoshthi,
http://collection.britishmuseum.org/id/thesauri/script/kharoshti,Kharoshti,
http://collection.britishmuseum.org/id/thesauri/script/kharo-h,Kharo??h?,
http://collection.britishmuseum.org/id/thesauri/script/khmer,Khmer,
http://collection.britishmuseum.org/id/thesauri/script/kufic,Kufic,
http://collection.britishmuseum.org/id/thesauri/script/kufic-and-coptic,Kufic and Coptic,
http://collection.britishmuseum.org/id/thesauri/script/kufic-and-roman,Kufic and Roman,
http://collection.britishmuseum.org/id/thesauri/script/kufic,Kufic(?),
http://collection.britishmuseum.org/id/thesauri/script/kufuc,Kufuc,
http://collection.britishmuseum.org/id/thesauri/script/kutila,Kutila,
http://collection.britishmuseum.org/id/thesauri/script/latin,LATIN,
http://collection.britishmuseum.org/id/thesauri/script/lit..ra-f,LIT..RA F,
http://collection.britishmuseum.org/id/thesauri/script/lantsa,Lantsa,
http://collection.britishmuseum.org/id/thesauri/script/lantsha,Lantsha,
http://collection.britishmuseum.org/id/thesauri/script/lao,Lao,
http://collection.britishmuseum.org/id/thesauri/script/latin,Latin,
http://collection.britishmuseum.org/id/thesauri/script/latin-greek,Latin & Greek,
http://collection.britishmuseum.org/id/thesauri/script/latin,Latin ?,
http://collection.britishmuseum.org/id/thesauri/script/latin-alphabet,Latin alphabet,
http://collection.britishmuseum.org/id/thesauri/script/latin-and-nasta-liq,Latin and Nasta'liq,
http://collection.britishmuseum.org/id/thesauri/script/latin-and-demotic,Latin and demotic,
http://collection.britishmuseum.org/id/thesauri/script/latin/runic,Latin/Runic,
http://collection.britishmuseum.org/id/thesauri/script/lation-alphabet,Lation alphabet,
http://collection.britishmuseum.org/id/thesauri/script/linear-a,Linear A,
http://collection.britishmuseum.org/id/thesauri/script/linear-b,Linear B,
http://collection.britishmuseum.org/id/thesauri/script/linear-b,Linear B (?),
http://collection.britishmuseum.org/id/thesauri/script/lobardic,Lobardic,
http://collection.britishmuseum.org/id/thesauri/script/locrian,Locrian,
http://collection.britishmuseum.org/id/thesauri/script/lombardic,Lombardic,
http://collection.britishmuseum.org/id/thesauri/script/lombardic-script,Lombardic script,
http://collection.britishmuseum.org/id/thesauri/script/lombaric,Lombaric,
http://collection.britishmuseum.org/id/thesauri/script/lomdardic,Lomdardic,
http://collection.britishmuseum.org/id/thesauri/script/lycian,Lycian,
http://collection.britishmuseum.org/id/thesauri/script/lykian,Lykian,
http://collection.britishmuseum.org/id/thesauri/script/maghribi,Maghribi,
http://collection.britishmuseum.org/id/thesauri/script/malay,Malay,
http://collection.britishmuseum.org/id/thesauri/script/manchu,Manchu,
http://collection.britishmuseum.org/id/thesauri/script/manchu-chinese,Manchu & Chinese,
http://collection.britishmuseum.org/id/thesauri/script/manchu-and-chinese,Manchu and Chinese,
http://collection.britishmuseum.org/id/thesauri/script/manchurian,Manchurian,
http://collection.britishmuseum.org/id/thesauri/script/marathi,Marathi?,
http://collection.britishmuseum.org/id/thesauri/script/maya-hieroglyph,Maya hieroglyph,
http://collection.britishmuseum.org/id/thesauri/script/maya-hieroglyphs,Maya hieroglyphs,
http://collection.britishmuseum.org/id/thesauri/script/meroitic,Meroitic,
http://collection.britishmuseum.org/id/thesauri/script/metal-stamped,Metal stamped,
http://collection.britishmuseum.org/id/thesauri/script/middle-persian,Middle Persian,
http://collection.britishmuseum.org/id/thesauri/script/millward,Millward,
http://collection.britishmuseum.org/id/thesauri/script/mixed-style,Mixed style,
http://collection.britishmuseum.org/id/thesauri/script/modified-lombardic,Modified Lombardic,
http://collection.britishmuseum.org/id/thesauri/script/mon,Mon?,
http://collection.britishmuseum.org/id/thesauri/script/muhaqqaq,Muhaqqaq,
http://collection.britishmuseum.org/id/thesauri/script/mu-aqqaq,Mu?aqqaq,
http://collection.britishmuseum.org/id/thesauri/script/nabataean,Nabataean,
http://collection.britishmuseum.org/id/thesauri/script/nagari,Nagari,
http://collection.britishmuseum.org/id/thesauri/script/nagari-and-english,Nagari and English,
http://collection.britishmuseum.org/id/thesauri/script/nagari-and-persian,Nagari and Persian,
http://collection.britishmuseum.org/id/thesauri/script/nagari-and-urdu-persian,Nagari and urdu (persian),
http://collection.britishmuseum.org/id/thesauri/script/nagri,Nagri,
http://collection.britishmuseum.org/id/thesauri/script/naskh,Naskh,
http://collection.britishmuseum.org/id/thesauri/script/naskh-and-nastaliq-devanagiri,"Naskh and Nastaliq, Devanagiri",
http://collection.britishmuseum.org/id/thesauri/script/naskh,Naskh(?),
http://collection.britishmuseum.org/id/thesauri/script/naskhi,Naskhi,
http://collection.britishmuseum.org/id/thesauri/script/naskh-thuluth,Naskh,Thuluth
http://collection.britishmuseum.org/id/thesauri/script/naskh,Naskhí,
http://collection.britishmuseum.org/id/thesauri/script/naskh-thuluth,Naskhí,Thuluth
http://collection.britishmuseum.org/id/thesauri/script/nast-aliq,Nast'aliq,
http://collection.britishmuseum.org/id/thesauri/script/nasta-liq,Nasta'liq,
http://collection.britishmuseum.org/id/thesauri/script/nasta-liq-and-thuluth,Nasta'liq and Thuluth,
http://collection.britishmuseum.org/id/thesauri/script/nastal-q,Nasta<l?q,
http://collection.britishmuseum.org/id/thesauri/script/nasta-liq,Nasta`liq,
http://collection.britishmuseum.org/id/thesauri/script/nasta-l-q,Nasta`l?q,
http://collection.britishmuseum.org/id/thesauri/script/nastal-iq,Nastal'iq,
http://collection.britishmuseum.org/id/thesauri/script/nastaliq,Nastaliq,
http://collection.britishmuseum.org/id/thesauri/script/nastal-q,Nastalíq,
http://collection.britishmuseum.org/id/thesauri/script/nasta-l-q,Nasta?l?q,
http://collection.britishmuseum.org/id/thesauri/script/nasta-liq,Nasta?liq,
http://collection.britishmuseum.org/id/thesauri/script/nasta-l-q,Nasta?líq,
http://collection.britishmuseum.org/id/thesauri/script/nasta-l-q,Nasta?l?q,
http://collection.britishmuseum.org/id/thesauri/script/nasta-liq,Nasta‘liq,
http://collection.britishmuseum.org/id/thesauri/script/nasta-liq-close-to-shikasta,Nasta‘liq close to Shikasta,
http://collection.britishmuseum.org/id/thesauri/script/nasta-liq-close-to-shikasteh,Nasta‘liq close to shikasteh,
http://collection.britishmuseum.org/id/thesauri/script/nasta-l-q,Nasta‘l?q,
http://collection.britishmuseum.org/id/thesauri/script/nasx,Nasxí,
http://collection.britishmuseum.org/id/thesauri/script/nat-aliq,Nat'aliq,
http://collection.britishmuseum.org/id/thesauri/script/negari,Negari,
http://collection.britishmuseum.org/id/thesauri/script/nepal,Nepal,
http://collection.britishmuseum.org/id/thesauri/script/neshki-script,Neshki script,
http://collection.britishmuseum.org/id/thesauri/script/new-roman-cursive,New Roman Cursive,
http://collection.britishmuseum.org/id/thesauri/script/newari,Newari,
http://collection.britishmuseum.org/id/thesauri/script/no-legend-visible,No legend visible.,
http://collection.britishmuseum.org/id/thesauri/script/northern-thai,Northern Thai,
http://collection.britishmuseum.org/id/thesauri/script/n-gar,N?gar?,
http://collection.britishmuseum.org/id/thesauri/script/n-gar-early,N?gar? (early),
http://collection.britishmuseum.org/id/thesauri/script/ogam,Ogam,
http://collection.britishmuseum.org/id/thesauri/script/old-nubian,Old Nubian,
http://collection.britishmuseum.org/id/thesauri/script/old-nubian-greek,Old Nubian (Greek),
http://collection.britishmuseum.org/id/thesauri/script/old-nubian-greek-and-greek,Old Nubian (Greek) and Greek,
http://collection.britishmuseum.org/id/thesauri/script/old-roman-cursive,Old Roman Cursive,
http://collection.britishmuseum.org/id/thesauri/script/old-roman-cursive,Old Roman cursive,
http://collection.britishmuseum.org/id/thesauri/script/orate-pro-anima-dn_i-nich_i-de-stowe-vicaroi,Orate pro anima dn_i Nich_i de Stowe vicaroi,
http://collection.britishmuseum.org/id/thesauri/script/oriental/pseudo-oriental,Oriental/Pseudo-Oriental,
http://collection.britishmuseum.org/id/thesauri/script/oriya,Oriya,
http://collection.britishmuseum.org/id/thesauri/script/oscan,Oscan,
http://collection.britishmuseum.org/id/thesauri/script/ottoman,Ottoman,
http://collection.britishmuseum.org/id/thesauri/script/pahalavi-middle-persian,Pahalavi (Middle Persian),
http://collection.britishmuseum.org/id/thesauri/script/pahalvi-middle-persian,Pahalvi (Middle Persian),
http://collection.britishmuseum.org/id/thesauri/script/pahalvi-middle-persian-and-arabic,Pahalvi (Middle Persian) and Arabic,
http://collection.britishmuseum.org/id/thesauri/script/pahlavi,Pahlavi,
http://collection.britishmuseum.org/id/thesauri/script/pahlavi-middle-perisan,Pahlavi (Middle Perisan),
http://collection.britishmuseum.org/id/thesauri/script/pahlavi-middle-perisan-and-arabic,Pahlavi (Middle Perisan) and Arabic,
http://collection.britishmuseum.org/id/thesauri/script/pahlavi-middle-persian,Pahlavi (Middle Persian),
http://collection.britishmuseum.org/id/thesauri/script/pahlavi-middle-persian,Pahlavi (Middle Persian) ?,
http://collection.britishmuseum.org/id/thesauri/script/pahlavi-middle-persian-and-arabic,Pahlavi (Middle Persian) and ARabic,
http://collection.britishmuseum.org/id/thesauri/script/pahlavi-middle-persian-and-arabic,Pahlavi (Middle Persian) and Arabic,
http://collection.britishmuseum.org/id/thesauri/script/pahlavi-middle-persian-and-arabic,Pahlavi (Middle Persian) and Arabic ?,
http://collection.britishmuseum.org/id/thesauri/script/pahlavi-middle-persian-and-kufic-arabic,Pahlavi (Middle Persian) and Kufic Arabic,
http://collection.britishmuseum.org/id/thesauri/script/pahlavi-middle-persian-and-persian,Pahlavi (Middle Persian) and Persian,
http://collection.britishmuseum.org/id/thesauri/script/pahlavi-middle-persian,Pahlavi (Middle Persian)+,
http://collection.britishmuseum.org/id/thesauri/script/pahlavi-middle-persian-3h:-nal-9h:-tmna,Pahlavi (Middle Persian)3h: NAL; 9h: TMNA.,
http://collection.britishmuseum.org/id/thesauri/script/pahlavi-middle-persiann-and-arabic,Pahlavi (Middle Persiann) and Arabic,
http://collection.britishmuseum.org/id/thesauri/script/pahlevi,Pahlevi,
http://collection.britishmuseum.org/id/thesauri/script/paleo-hebrew,Paleo-Hebrew,
http://collection.britishmuseum.org/id/thesauri/script/palhavi-middle-persian-and-kufic-arabic,Palhavi (Middle Persian) and Kufic Arabic,
http://collection.britishmuseum.org/id/thesauri/script/palmyrene,Palmyrene,
http://collection.britishmuseum.org/id/thesauri/script/pamphylian,Pamphylian,
http://collection.britishmuseum.org/id/thesauri/script/paphian-cypriot-syllabary,Paphian Cypriot Syllabary,
http://collection.britishmuseum.org/id/thesauri/script/pehlevi,Pehlevi,
http://collection.britishmuseum.org/id/thesauri/script/persian,Persian,
http://collection.britishmuseum.org/id/thesauri/script/persian-and-arabic,Persian and Arabic,
http://collection.britishmuseum.org/id/thesauri/script/phags-pa,Phags-pa ?,
http://collection.britishmuseum.org/id/thesauri/script/phagspa,Phagspa,
http://collection.britishmuseum.org/id/thesauri/script/phasgpa,Phasgpa,
http://collection.britishmuseum.org/id/thesauri/script/phoenican,Phoenican,
http://collection.britishmuseum.org/id/thesauri/script/phoenician,Phoenician,
http://collection.britishmuseum.org/id/thesauri/script/phoenician-alphabet,Phoenician alphabet,
http://collection.britishmuseum.org/id/thesauri/script/pictograhps,Pictograhps,
http://collection.britishmuseum.org/id/thesauri/script/proto-aramaic,Proto-Aramaic,
http://collection.britishmuseum.org/id/thesauri/script/proto-canaanite,Proto-Canaanite?,
http://collection.britishmuseum.org/id/thesauri/script/proto-elamite,Proto-Elamite,
http://collection.britishmuseum.org/id/thesauri/script/proto-hebrew,Proto-Hebrew,
http://collection.britishmuseum.org/id/thesauri/script/pseudo-pahlavi-middle-persian,Pseudo-Pahlavi (Middle Persian),
http://collection.britishmuseum.org/id/thesauri/script/pseudo-pahlavi-middle-persian-and-arabic,Pseudo-Pahlavi (Middle Persian) and Arabic,
http://collection.britishmuseum.org/id/thesauri/script/pseudo-script,Pseudo-script,
http://collection.britishmuseum.org/id/thesauri/script/punic,Punic,
http://collection.britishmuseum.org/id/thesauri/script/punjabi,Punjabi,
http://collection.britishmuseum.org/id/thesauri/script/pyu,Pyu,
http://collection.britishmuseum.org/id/thesauri/script/quoc-ngu,Quoc Ngu,
http://collection.britishmuseum.org/id/thesauri/script/quocngu,Quocngu,
http://collection.britishmuseum.org/id/thesauri/script/reverse-script,Reverse Script,
http://collection.britishmuseum.org/id/thesauri/script/reverse-script,Reverse script,
http://collection.britishmuseum.org/id/thesauri/script/romam-capitals,Romam capitals,
http://collection.britishmuseum.org/id/thesauri/script/roman,Roman,
http://collection.britishmuseum.org/id/thesauri/script/roman-/-tamil,Roman / Tamil,
http://collection.britishmuseum.org/id/thesauri/script/roman-capitals,Roman Capitals,
http://collection.britishmuseum.org/id/thesauri/script/roman-capitals-within-beaded-borders,Roman Capitals within beaded borders,
http://collection.britishmuseum.org/id/thesauri/script/roman-and-arabic,Roman and ARabic,
http://collection.britishmuseum.org/id/thesauri/script/roman-and-arabic,Roman and Arabic,
http://collection.britishmuseum.org/id/thesauri/script/roman-and-hebrew,Roman and Hebrew,
http://collection.britishmuseum.org/id/thesauri/script/roman-and-japanese,Roman and Japanese,
http://collection.britishmuseum.org/id/thesauri/script/roman-and-kannada,Roman and Kannada,
http://collection.britishmuseum.org/id/thesauri/script/roman-and-kufic,Roman and Kufic,
http://collection.britishmuseum.org/id/thesauri/script/roman-and-nagari,Roman and Nagari,
http://collection.britishmuseum.org/id/thesauri/script/roman-capital,Roman capital,
http://collection.britishmuseum.org/id/thesauri/script/roman-capitals,Roman capitals,
http://collection.britishmuseum.org/id/thesauri/script/roman-capitals,Roman capitals?,
http://collection.britishmuseum.org/id/thesauri/script/roman-numerals,Roman numerals,
http://collection.britishmuseum.org/id/thesauri/script/roman-arabic,"Roman, Arabic",
http://collection.britishmuseum.org/id/thesauri/script/roman-lombardic-and-gothic,"Roman, Lombardic and Gothic",
http://collection.britishmuseum.org/id/thesauri/script/roman-telugu,"Roman, Telugu",
http://collection.britishmuseum.org/id/thesauri/script/roman-devanagari,"Roman, devanagari",
http://collection.britishmuseum.org/id/thesauri/script/roman/greek,Roman/Greek,
http://collection.britishmuseum.org/id/thesauri/script/roman/italic,Roman/Italic,
http://collection.britishmuseum.org/id/thesauri/script/roman-italic,Roman; Italic,
http://collection.britishmuseum.org/id/thesauri/script/romanesque,Romanesque,
http://collection.britishmuseum.org/id/thesauri/script/runic,Runic,
http://collection.britishmuseum.org/id/thesauri/script/runic-anglo-saxon,Runic (Anglo-Saxon),
http://collection.britishmuseum.org/id/thesauri/script/runic-/-roman,Runic / Roman,
http://collection.britishmuseum.org/id/thesauri/script/runic/roman,Runic/Roman,
http://collection.britishmuseum.org/id/thesauri/script/russian,Russian,
http://collection.britishmuseum.org/id/thesauri/script/safaitic,Safaitic,
http://collection.britishmuseum.org/id/thesauri/script/sahidic,Sahidic,
http://collection.britishmuseum.org/id/thesauri/script/samaritan,Samaritan,
http://collection.britishmuseum.org/id/thesauri/script/sanskrit,Sanskrit,
http://collection.britishmuseum.org/id/thesauri/script/sansrit,Sansrit,
http://collection.britishmuseum.org/id/thesauri/script/seal,Seal,
http://collection.britishmuseum.org/id/thesauri/script/seal-script,Seal script,
http://collection.britishmuseum.org/id/thesauri/script/seal-script-zhuanshu,Seal script (zhuanshu),
http://collection.britishmuseum.org/id/thesauri/script/see-below,See below,
http://collection.britishmuseum.org/id/thesauri/script/shahmukhi,Shahmukhi,
http://collection.britishmuseum.org/id/thesauri/script/shikista-style,Shikista style,
http://collection.britishmuseum.org/id/thesauri/script/siddham-trk,Siddham?trk?,
http://collection.britishmuseum.org/id/thesauri/script/sinaitic,Sinaitic,
http://collection.britishmuseum.org/id/thesauri/script/sinhala,Sinhala,
http://collection.britishmuseum.org/id/thesauri/script/slavic,Slavic,
http://collection.britishmuseum.org/id/thesauri/script/south-arabian,South Arabian,
http://collection.britishmuseum.org/id/thesauri/script/sozan,Sozan,
http://collection.britishmuseum.org/id/thesauri/script/stamp-illegible,Stamp illegible,
http://collection.britishmuseum.org/id/thesauri/script/stamped,Stamped,
http://collection.britishmuseum.org/id/thesauri/script/stamped-in-ink,Stamped in ink,
http://collection.britishmuseum.org/id/thesauri/script/stamped-into-metal,Stamped into metal,
http://collection.britishmuseum.org/id/thesauri/script/stamped-into-metal-blade,Stamped into metal blade,
http://collection.britishmuseum.org/id/thesauri/script/stamped-lettering,Stamped lettering,
http://collection.britishmuseum.org/id/thesauri/script/stamped-mark,Stamped mark,
http://collection.britishmuseum.org/id/thesauri/script/stamped-metal,Stamped metal,
http://collection.britishmuseum.org/id/thesauri/script/sudani-maghribi,Sudani maghribi,
http://collection.britishmuseum.org/id/thesauri/script/symbols,Symbols,
http://collection.britishmuseum.org/id/thesauri/script/syracusan-greek-alphabet,Syracusan Greek alphabet,
http://collection.britishmuseum.org/id/thesauri/script/takri,Takri,
http://collection.britishmuseum.org/id/thesauri/script/tali-q,Tali‘q,
http://collection.britishmuseum.org/id/thesauri/script/tamil,Tamil,
http://collection.britishmuseum.org/id/thesauri/script/tangut,Tangut,
http://collection.britishmuseum.org/id/thesauri/script/telegu,Telegu,
http://collection.britishmuseum.org/id/thesauri/script/telugu,Telugu,
http://collection.britishmuseum.org/id/thesauri/script/thai,Thai,
http://collection.britishmuseum.org/id/thesauri/script/thulth,Thulth,
http://collection.britishmuseum.org/id/thesauri/script/thuluth,Thuluth,
http://collection.britishmuseum.org/id/thesauri/script/tibetan,Tibetan,
http://collection.britishmuseum.org/id/thesauri/script/typed,Typed,
http://collection.britishmuseum.org/id/thesauri/script/typewriter,Typewriter,
http://collection.britishmuseum.org/id/thesauri/script/typewritten,Typewritten,
http://collection.britishmuseum.org/id/thesauri/script/umbrian,Umbrian,
http://collection.britishmuseum.org/id/thesauri/script/uncertain,Uncertain,
http://collection.britishmuseum.org/id/thesauri/script/uncial,Uncial,
http://collection.britishmuseum.org/id/thesauri/script/upper-case-letters,Upper case letters,
http://collection.britishmuseum.org/id/thesauri/script/upper-edge-of-sheet,Upper edge of sheet,
http://collection.britishmuseum.org/id/thesauri/script/uppercase-letters,Uppercase letters,
http://collection.britishmuseum.org/id/thesauri/script/urdu,Urdu,
http://collection.britishmuseum.org/id/thesauri/script/virilis-f,VIRILIS F,
http://collection.britishmuseum.org/id/thesauri/script/vietnamese,Vietnamese,
http://collection.britishmuseum.org/id/thesauri/script/wr,WR,
http://collection.britishmuseum.org/id/thesauri/script/west-semitic,West Semitic,
http://collection.britishmuseum.org/id/thesauri/script/western,Western,
http://collection.britishmuseum.org/id/thesauri/script/within-borders-black-letter-script,Within borders black letter script,
http://collection.britishmuseum.org/id/thesauri/script,`,
http://collection.britishmuseum.org/id/thesauri/script/abnormal-hieratic,abnormal hieratic,
http://collection.britishmuseum.org/id/thesauri/script/above,above,
http://collection.britishmuseum.org/id/thesauri/script/acid-etched,acid etched,
http://collection.britishmuseum.org/id/thesauri/script/acid-etched-freehand,acid etched freehand,
http://collection.britishmuseum.org/id/thesauri/script/alphabetic,alphabetic,
http://collection.britishmuseum.org/id/thesauri/script/alphabetic-greek,alphabetic Greek,
http://collection.britishmuseum.org/id/thesauri/script/alphabetic,alphabetic?,
http://collection.britishmuseum.org/id/thesauri/script/ancient-south-arabian,ancient South Arabian,
http://collection.britishmuseum.org/id/thesauri/script/ancient-south-arabian,ancient South arabian,
http://collection.britishmuseum.org/id/thesauri/script/and-latin,and Latin,
http://collection.britishmuseum.org/id/thesauri/script/archaic,archaic,
http://collection.britishmuseum.org/id/thesauri/script/archaic-cuneiform,archaic Cuneiform,
http://collection.britishmuseum.org/id/thesauri/script/bactrian,bactrian,
http://collection.britishmuseum.org/id/thesauri/script/base,base,
http://collection.britishmuseum.org/id/thesauri/script/beaded-borders,beaded borders,
http://collection.britishmuseum.org/id/thesauri/script/below,below,
http://collection.britishmuseum.org/id/thesauri/script/bird-script,bird-script,
http://collection.britishmuseum.org/id/thesauri/script/black-letter,black letter,
http://collection.britishmuseum.org/id/thesauri/script/black-letter,black letter ?,
http://collection.britishmuseum.org/id/thesauri/script/black-letter-within-a-beaded-border,black letter within a beaded border,
http://collection.britishmuseum.org/id/thesauri/script/black-letter-within-carved-border,black letter within carved border,
http://collection.britishmuseum.org/id/thesauri/script/black-letter-lower-case,"black letter, lower case",
http://collection.britishmuseum.org/id/thesauri/script/black-letter,black letter.,
http://collection.britishmuseum.org/id/thesauri/script/black-lettter,black lettter,
http://collection.britishmuseum.org/id/thesauri/script/black-pen,black pen,
http://collection.britishmuseum.org/id/thesauri/script/black-letter,black-letter,
http://collection.britishmuseum.org/id/thesauri/script/blundered,blundered,
http://collection.britishmuseum.org/id/thesauri/script/brahmi,brahmi,
http://collection.britishmuseum.org/id/thesauri/script/brahmi/kharoshthi,brahmi/Kharoshthi,
http://collection.britishmuseum.org/id/thesauri/script/brhami,brhami,
http://collection.britishmuseum.org/id/thesauri/script/calligraphed,calligraphed,
http://collection.britishmuseum.org/id/thesauri/script/caoshu,caoshu,
http://collection.britishmuseum.org/id/thesauri/script/capital-letters,capital letters,
http://collection.britishmuseum.org/id/thesauri/script/capitals,capitals,
http://collection.britishmuseum.org/id/thesauri/script/carved,carved,
http://collection.britishmuseum.org/id/thesauri/script/carved-and-inked,carved and inked,
http://collection.britishmuseum.org/id/thesauri/script/clerical-script,clerical script,
http://collection.britishmuseum.org/id/thesauri/script/clerical-script-lishu,clerical script (lishu),
http://collection.britishmuseum.org/id/thesauri/script/corrupt-greek,corrupt Greek,
http://collection.britishmuseum.org/id/thesauri/script/cryptographic,cryptographic,
http://collection.britishmuseum.org/id/thesauri/script/cufic,cufic,
http://collection.britishmuseum.org/id/thesauri/script/cuneform,cuneform,
http://collection.britishmuseum.org/id/thesauri/script/cuneiform,cuneiform,
http://collection.britishmuseum.org/id/thesauri/script/cuneiform,cuneiform?,
http://collection.britishmuseum.org/id/thesauri/script/cursive,cursive,
http://collection.britishmuseum.org/id/thesauri/script/cursive-arabic,cursive Arabic,
http://collection.britishmuseum.org/id/thesauri/script/cursive-german,cursive German,
http://collection.britishmuseum.org/id/thesauri/script/cursive-hieroglyphic,cursive Hieroglyphic,
http://collection.britishmuseum.org/id/thesauri/script/cursive-hieroglyphic,cursive hieroglyphic,
http://collection.britishmuseum.org/id/thesauri/script/cursive-script,cursive script,
http://collection.britishmuseum.org/id/thesauri/script/cursive-script,cursive script ??,
http://collection.britishmuseum.org/id/thesauri/script/cursive,cursive?,
http://collection.britishmuseum.org/id/thesauri/script/cyrillic,cyrillic,
http://collection.britishmuseum.org/id/thesauri/script/dbu-can,dBu Can,
http://collection.britishmuseum.org/id/thesauri/script/dbu-can,dBu can,
http://collection.britishmuseum.org/id/thesauri/script/dbu.can,dBu.Can,
http://collection.britishmuseum.org/id/thesauri/script/dbu-can,dbu can,
http://collection.britishmuseum.org/id/thesauri/script/deconstructed-characters,deconstructed characters,
http://collection.britishmuseum.org/id/thesauri/script/delineated-hieroglyphs,delineated hieroglyphs,
http://collection.britishmuseum.org/id/thesauri/script/demotic,demotic,
http://collection.britishmuseum.org/id/thesauri/script/demotic-and-old-coptic,demotic and Old Coptic,
http://collection.britishmuseum.org/id/thesauri/script/demotic-hieroglyphic,demotic hieroglyphic,
http://collection.britishmuseum.org/id/thesauri/script/demotic-or-hieratic,demotic or hieratic ?,
http://collection.britishmuseum.org/id/thesauri/script/demotic,demotic(?),
http://collection.britishmuseum.org/id/thesauri/script/demotic-hieratic,"demotic, hieratic",
http://collection.britishmuseum.org/id/thesauri/script/demotic,demotic?,
http://collection.britishmuseum.org/id/thesauri/script/devanagari-bengali-roman,devanagari - Bengali - Roman,
http://collection.britishmuseum.org/id/thesauri/script/devnagari,devnagari,
http://collection.britishmuseum.org/id/thesauri/script/dotted,dotted,
http://collection.britishmuseum.org/id/thesauri/script/doubled,doubled,
http://collection.britishmuseum.org/id/thesauri/script/downwards,downwards,
http://collection.britishmuseum.org/id/thesauri/script/early-nagari,early Nagari,
http://collection.britishmuseum.org/id/thesauri/script/early-demotic-or-hieratic,early-demotic or hieratic,
http://collection.britishmuseum.org/id/thesauri/script/embroidered,embroidered,
http://collection.britishmuseum.org/id/thesauri/script/english-alphabet-numeric,"english alphabet, numeric",
http://collection.britishmuseum.org/id/thesauri/script/engraved,engraved,
http://collection.britishmuseum.org/id/thesauri/script/engraved-handwriting,engraved handwriting,
http://collection.britishmuseum.org/id/thesauri/script/engraved-in-capital-letters,engraved in capital letters,
http://collection.britishmuseum.org/id/thesauri/script/fake,fake,
http://collection.britishmuseum.org/id/thesauri/script/flame,flame,
http://collection.britishmuseum.org/id/thesauri/script/forgery,forgery,
http://collection.britishmuseum.org/id/thesauri/script/freehand,freehand,
http://collection.britishmuseum.org/id/thesauri/script/full-form,full form,
http://collection.britishmuseum.org/id/thesauri/script/grafitto,grafitto,
http://collection.britishmuseum.org/id/thesauri/script/grass-script,grass script,
http://collection.britishmuseum.org/id/thesauri/script/greek,greek,
http://collection.britishmuseum.org/id/thesauri/script/greek-except-for-b,greek (except for B),
http://collection.britishmuseum.org/id/thesauri/script/greek,greek ?,
http://collection.britishmuseum.org/id/thesauri/script/greek-and-coptic,greek and coptic,
http://collection.britishmuseum.org/id/thesauri/script/han-written,han-written,
http://collection.britishmuseum.org/id/thesauri/script/hand-written,hand-written,
http://collection.britishmuseum.org/id/thesauri/script/handwriting,handwriting,
http://collection.britishmuseum.org/id/thesauri/script/handwritten,handwritten,
http://collection.britishmuseum.org/id/thesauri/script/heiroglyphic,heiroglyphic,
http://collection.britishmuseum.org/id/thesauri/script/hieoglyphic,hieoglyphic,
http://collection.britishmuseum.org/id/thesauri/script/hieratic,hieratic ?,
http://collection.britishmuseum.org/id/thesauri/script/hieratic-or-demotic,hieratic or demotic,
http://collection.britishmuseum.org/id/thesauri/script/hieratic,hieratic(?),
http://collection.britishmuseum.org/id/thesauri/script/hieratic-abnormal,hieratic(abnormal),
http://collection.britishmuseum.org/id/thesauri/script/hieratic-abnormal,hieratic(abnormal?),
http://collection.britishmuseum.org/id/thesauri/script/hieratic,hieratic?,
http://collection.britishmuseum.org/id/thesauri/script/hieroglyph,hieroglyph,
http://collection.britishmuseum.org/id/thesauri/script/hieroglyphic,hieroglyphic,
http://collection.britishmuseum.org/id/thesauri/script/hieroglyphic-hittite,hieroglyphic Hittite,
http://collection.britishmuseum.org/id/thesauri/script/hieroglyphic,hieroglyphic(?),
http://collection.britishmuseum.org/id/thesauri/script/hieroglyphic-linear,hieroglyphic(linear),
http://collection.britishmuseum.org/id/thesauri/script/hieroglyphic-demotic,"hieroglyphic, demotic",
http://collection.britishmuseum.org/id/thesauri/script/hieroglyphic/hieratic,hieroglyphic/hieratic,
http://collection.britishmuseum.org/id/thesauri/script/hieroglyphic-greek,hieroglyphic; Greek,
http://collection.britishmuseum.org/id/thesauri/script/hieroglyphic,hieroglyphic?,
http://collection.britishmuseum.org/id/thesauri/script/hieroglyphics,hieroglyphics,
http://collection.britishmuseum.org/id/thesauri/script/hieroglyphs,hieroglyphs,
http://collection.britishmuseum.org/id/thesauri/script/hieroglypic-linear,hieroglypic(linear),
http://collection.britishmuseum.org/id/thesauri/script/hieroglypic,hieroglypic?,
http://collection.britishmuseum.org/id/thesauri/script/hierogplyphic,hierogplyphic,
http://collection.britishmuseum.org/id/thesauri/script/hierogyphic,hierogyphic,
http://collection.britishmuseum.org/id/thesauri/script/hierolglyphic,hierolglyphic,
http://collection.britishmuseum.org/id/thesauri/script/illegible,illegible,
http://collection.britishmuseum.org/id/thesauri/script/impressed,impressed,
http://collection.britishmuseum.org/id/thesauri/script/in-relief,in relief,
http://collection.britishmuseum.org/id/thesauri/script/incised,incised,
http://collection.britishmuseum.org/id/thesauri/script/indistinct,indistinct,
http://collection.britishmuseum.org/id/thesauri/script/inscibed,inscibed,
http://collection.britishmuseum.org/id/thesauri/script/inscribed,inscribed,
http://collection.britishmuseum.org/id/thesauri/script/inscription,inscription,
http://collection.britishmuseum.org/id/thesauri/script/italic,italic,
http://collection.britishmuseum.org/id/thesauri/script/kai-shu,kai shu,
http://collection.britishmuseum.org/id/thesauri/script/kaishu,kaishu,
http://collection.britishmuseum.org/id/thesauri/script/kharoshthi,kharoshthi,
http://collection.britishmuseum.org/id/thesauri/script/kharoshti,kharoshti,
http://collection.britishmuseum.org/id/thesauri/script/kharo-h,kharo??h?,
http://collection.britishmuseum.org/id/thesauri/script/kiwi,kiwi,
http://collection.britishmuseum.org/id/thesauri/script/kufic,kufic,
http://collection.britishmuseum.org/id/thesauri/script/lapidary,lapidary,
http://collection.britishmuseum.org/id/thesauri/script/likely-nagari,likely Nagari,
http://collection.britishmuseum.org/id/thesauri/script/linear,linear,
http://collection.britishmuseum.org/id/thesauri/script/linear-hieroglyphs,linear hieroglyphs,
http://collection.britishmuseum.org/id/thesauri/script/lombardic,lombardic,
http://collection.britishmuseum.org/id/thesauri/script/lombaric,lombaric,
http://collection.britishmuseum.org/id/thesauri/script/lotus,lotus,
http://collection.britishmuseum.org/id/thesauri/script/lower-case,lower case,
http://collection.britishmuseum.org/id/thesauri/script/majascule,majascule,
http://collection.britishmuseum.org/id/thesauri/script/man-yogana,man'yogana,
http://collection.britishmuseum.org/id/thesauri/script/maskhi,maskhi,
http://collection.britishmuseum.org/id/thesauri/script/mirror-image-of-some-letters-within-beaded-borders,mirror image of some letters within beaded borders,
http://collection.britishmuseum.org/id/thesauri/script/mistruck,mistruck,
http://collection.britishmuseum.org/id/thesauri/script/monogram,monogram,
http://collection.britishmuseum.org/id/thesauri/script/nagri,nagri,
http://collection.britishmuseum.org/id/thesauri/script/nagri-and-roman,nagri and Roman,
http://collection.britishmuseum.org/id/thesauri/script/narari,narari,
http://collection.britishmuseum.org/id/thesauri/script/naskh,naskh,
http://collection.britishmuseum.org/id/thesauri/script/naskh-and-roman,naskh and Roman,
http://collection.britishmuseum.org/id/thesauri/script/naskh-and-kufic,naskh and kufic,
http://collection.britishmuseum.org/id/thesauri/script/naskh-and-latin,naskh and latin,
http://collection.britishmuseum.org/id/thesauri/script/naskhi,naskhi,
http://collection.britishmuseum.org/id/thesauri/script/naskh,naskhí,
http://collection.britishmuseum.org/id/thesauri/script/nasta-liq,nasta'liq,
http://collection.britishmuseum.org/id/thesauri/script/nasta-liq,nasta`liq,
http://collection.britishmuseum.org/id/thesauri/script/nastaliq,nastaliq,
http://collection.britishmuseum.org/id/thesauri/script/nasx,nasxí,
http://collection.britishmuseum.org/id/thesauri/script/number,number,
http://collection.britishmuseum.org/id/thesauri/script/numbers,numbers,
http://collection.britishmuseum.org/id/thesauri/script/numerals,numerals,
http://collection.britishmuseum.org/id/thesauri/script/on-a-riband,on a riband,
http://collection.britishmuseum.org/id/thesauri/script/on-a-scroll,on a scroll,
http://collection.britishmuseum.org/id/thesauri/script/on-this-example-quiet-indistinct-but-should-read,on this example quiet indistinct but should read,
http://collection.britishmuseum.org/id/thesauri/script/oracle-bone,oracle bone,
http://collection.britishmuseum.org/id/thesauri/script/oscan,oscan,
http://collection.britishmuseum.org/id/thesauri/script/pahlavi,pahlavi,
http://collection.britishmuseum.org/id/thesauri/script/painted,painted,
http://collection.britishmuseum.org/id/thesauri/script/pencil-hand-writing,pencil hand writing,
http://collection.britishmuseum.org/id/thesauri/script/pictographic,pictographic,
http://collection.britishmuseum.org/id/thesauri/script/possibly-cypro-minoan,possibly Cypro-Minoan,
http://collection.britishmuseum.org/id/thesauri/script/proto-sarada,proto Sarada,
http://collection.britishmuseum.org/id/thesauri/script/proto-manichaean,proto-Manichaean,
http://collection.britishmuseum.org/id/thesauri/script/proto-sarada,proto-Sarada,
http://collection.britishmuseum.org/id/thesauri/script/pseudo,pseudo,
http://collection.britishmuseum.org/id/thesauri/script/pseudo-hieratic-and-demotic,pseudo hieratic and demotic,
http://collection.britishmuseum.org/id/thesauri/script/pseudo-cuneiform,pseudo-Cuneiform,
http://collection.britishmuseum.org/id/thesauri/script/pseudo-kufic,pseudo-Kufic,
http://collection.britishmuseum.org/id/thesauri/script/pseudo-pahlavi-middle-persian,pseudo-Pahlavi (Middle Persian),
http://collection.britishmuseum.org/id/thesauri/script/pseudo-epigraphic,pseudo-epigraphic,
http://collection.britishmuseum.org/id/thesauri/script/pseudo-hieroglyphic,pseudo-hieroglyphic,
http://collection.britishmuseum.org/id/thesauri/script/pseudo-script.-imitation-of-lenguage,pseudo-script. imitation of lenguage.,
http://collection.britishmuseum.org/id/thesauri/script/pseudo-script.-imitation-of-words,pseudo-script. imitation of words.,
http://collection.britishmuseum.org/id/thesauri/script/pseudo-hieroglyphic,pseudo? hieroglyphic,
http://collection.britishmuseum.org/id/thesauri/script/raised-lettering,raised lettering,
http://collection.britishmuseum.org/id/thesauri/script/regular-script,regular script,
http://collection.britishmuseum.org/id/thesauri/script/retrograde,retrograde,
http://collection.britishmuseum.org/id/thesauri/script/riqa,riqa'?,
http://collection.britishmuseum.org/id/thesauri/script/roman,roman,
http://collection.britishmuseum.org/id/thesauri/script/running,running,
http://collection.britishmuseum.org/id/thesauri/script/script,script,
http://collection.britishmuseum.org/id/thesauri/script/seal,seal,
http://collection.britishmuseum.org/id/thesauri/script/seal-script,seal script,
http://collection.britishmuseum.org/id/thesauri/script/seal-script,seal-script ??,
http://collection.britishmuseum.org/id/thesauri/script/stamped,stamped,
http://collection.britishmuseum.org/id/thesauri/script/standard,standard,
http://collection.britishmuseum.org/id/thesauri/script/standard-script,standard script,
http://collection.britishmuseum.org/id/thesauri/script/stylised,stylised,
http://collection.britishmuseum.org/id/thesauri/script/symbols-illegible,"symbols, illegible",
http://collection.britishmuseum.org/id/thesauri/script/thulth,thulth,
http://collection.britishmuseum.org/id/thesauri/script/thuluth,thuluth,
http://collection.britishmuseum.org/id/thesauri/script/typed,typed,
http://collection.britishmuseum.org/id/thesauri/script/typed-in-capital-letters,typed in capital letters,
http://collection.britishmuseum.org/id/thesauri/script/uncertain,uncertain,
http://collection.britishmuseum.org/id/thesauri/script/uneiform,uneiform,
http://collection.britishmuseum.org/id/thesauri/script/unknown,unknown,
http://collection.britishmuseum.org/id/thesauri/script/within-beaded-borders,within beaded borders,
http://collection.britishmuseum.org/id/thesauri/script/within-beaded-borders-lombardic-script,within beaded borders Lombardic Script,
http://collection.britishmuseum.org/id/thesauri/script/within-beaded-borders-lombardic-script,within beaded borders Lombardic script,
http://collection.britishmuseum.org/id/thesauri/script/within-beaded-borders-roman-capitals,within beaded borders Roman Capitals,
http://collection.britishmuseum.org/id/thesauri/script/within-beaded-borders-roman-capitals/lombardic-ish,within beaded borders Roman Capitals/Lombardic-ish.,
http://collection.britishmuseum.org/id/thesauri/script/within-beaded-borders-roman-capitals,within beaded borders Roman capitals,
http://collection.britishmuseum.org/id/thesauri/script/woven,woven,
http://collection.britishmuseum.org/id/thesauri/script/written-in-black-ink,written in black ink,
http://collection.britishmuseum.org/id/thesauri/script,????,
http://collection.britishmuseum.org/id/thesauri/script,??,
http://collection.britishmuseum.org/id/thesauri/script,??,
http://collection.britishmuseum.org/id/thesauri/script,????,
http://collection.britishmuseum.org/id/thesauri/script,??,
http://collection.britishmuseum.org/id/thesauri/script,? ???,
http://collection.britishmuseum.org/id/thesauri/script,??,
http://collection.britishmuseum.org/id/thesauri/script,????,
http://collection.britishmuseum.org/id/thesauri/script,????,
